Workbook
Name AccActual: main!$R$519:$CO$519
Name AccPlan: main!$R$517:$CO$517
Name ActualRange: main!$R$518:$CO$518
Name AmountRange: main!$O$5:$O$514
Name PlanRange: main!$R$516:$CO$516

Sheet main
A1: Activity Data | R1: 2026 | BO1: 2027
R2: January | T2: February | X2: March | AB2: April | AF2: May | AK2: June | AO2: July | AT2: August | AX2: September | BB2: October | BG2: November | BK2: December | BO2: January | BT2: February | BX2: March | CB2: April | CG2: May | CK2: June | CO2: July
R3: W1 | S3: W2 | T3: W3 | U3: W4 | V3: W5 | W3: W6 | X3: W7 | Y3: W8 | Z3: W9 | AA3: W10 | AB3: W11 | AC3: W12 | AD3: W13 | AE3: W14 | AF3: W15 | AG3: W16 | AH3: W17 | AI3: W18 | AJ3: W19 | AK3: W20 | AL3: W21 | AM3: W22 | AN3: W23 | AO3: W24 | AP3: W25 | AQ3: W26 | AR3: W27 | AS3: W28 | AT3: W29 | AU3: W30 | AV3: W31 | AW3: W32 | AX3: W33 | AY3: W34 | AZ3: W35 | BA3: W36 | BB3: W37 | BC3: W38 | BD3: W39 | BE3: W40 | BF3: W41 | BG3: W42 | BH3: W43 | BI3: W44 | BJ3: W45 | BK3: W46 | BL3: W47 | BM3: W48 | BN3: W49 | BO3: W50 | BP3: W51 | BQ3: W52 | BR3: W53 | BS3: W54 | BT3: W55 | BU3: W56 | BV3: W57 | BW3: W58 | BX3: W59 | BY3: W60 | BZ3: W61 | CA3: W62 | CB3: W63 | CC3: W64 | CD3: W65 | CE3: W66 | CF3: W67 | CG3: W68 | CH3: W69 | CI3: W70 | CJ3: W71 | CK3: W72 | CL3: W73 | CM3: W74 | CN3: W75 | CO3: W76
A4: Row Type | B4: WBS | C4: Description | D4: P/A | E4: Activity ID | F4: Task ID | G4: UID | H4: Outline Level | I4: Plan Start | J4: Plan Finish | K4: Actual Start | L4: Actual Finish | M4: % Complete | N4: Physical % | O4: Amount | P4: Total Float (hr) | Q4: XML Amount | R4: 46045 | S4: 46052 | T4: 46059 | U4: 46066 | V4: 46073 | W4: 46080 | X4: 46087 | Y4: 46094 | Z4: 46101 | AA4: 46108 | AB4: 46115 | AC4: 46122 | AD4: 46129 | AE4: 46136 | AF4: 46143 | AG4: 46150 | AH4: 46157 | AI4: 46164 | AJ4: 46171 | AK4: 46178 | AL4: 46185 | AM4: 46192 | AN4: 46199 | AO4: 46206 | AP4: 46213 | AQ4: 46220 | AR4: 46227 | AS4: 46234 | AT4: 46241 | AU4: 46248 | AV4: 46255 | AW4: 46262 | AX4: 46269 | AY4: 46276 | AZ4: 46283 | BA4: 46290 | BB4: 46297 | BC4: 46304 | BD4: 46311 | BE4: 46318 | BF4: 46325 | BG4: 46332 | BH4: 46339 | BI4: 46346 | BJ4: 46353 | BK4: 46360 | BL4: 46367 | BM4: 46374 | BN4: 46381 | BO4: 46388 | BP4: 46395 | BQ4: 46402 | BR4: 46409 | BS4: 46416 | BT4: 46423 | BU4: 46430 | BV4: 46437 | BW4: 46444 | BX4: 46451 | BY4: 46458 | BZ4: 46465 | CA4: 46472 | CB4: 46479 | CC4: 46486 | CD4: 46493 | CE4: 46500 | CF4: 46507 | CG4: 46514 | CH4: 46521 | CI4: 46528 | CJ4: 46535 | CK4: 46542 | CL4: 46549 | CM4: 46556 | CN4: 46563 | CO4: 46570
A5: Project Summary | C5: NKC2 | D5: P | H5: 0 | I5: 46076 | J5: 46538 | M5: =IF(COUNT(R5:CO5)=0,"",SUM(R5:CO5)) -> 1 | O5: =SUMIFS($O$6:$O$513,$A$6:$A$513,"Activity",$D$6:$D$513,"P") -> 17200000 | R5: =IF(COUNTIFS($A$7:$A$514,"Activity",$D$7:$D$514,"P",R$7:R$514,"<>")=0,"",IFERROR(SUMPRODUCT(--($A$7:$A$514="Activity"),--($D$7:$D$514="P"),$O$7:$O$514,R$7:R$514)/SUMPRODUCT(--($A$7:$A$514="Activity"),--($D$7:$D$514="P"),$O$7:$O$514),"")) | S5: =IF(COUNTIFS($A$7:$A$514,"Activity",$D$7:$D$514,"P",S$7:S$514,"<>")=0,"",IFERROR(SUMPRODUCT(--($A$7:$A$514="Activity"),--($D$7:$D$514="P"),$O$7:$O$514,S$7:S$514)/SUMPRODUCT(--($A$7:$A$514="Activity"),--($D$7:$D$514="P"),$O$7:$O$514),"")) | T5: =IF(COUNTIFS($A$7:$A$514,"Activity",$D$7:$D$514,"P",T$7:T$514,"<>")=0,"",IFERROR(SUMPRODUCT(--($A$7:$A$514="Activity"),--($D$7:$D$514="P"),$O$7:$O$514,T$7:T$514)/SUMPRODUCT(--($A$7:$A$514="Activity"),--($D$7:$D$514="P"),$O$7:$O$514),"")) | U5: =IF(COUNTIFS($A$7:$A$514,"Activity",$D$7:$D$514,"P",U$7:U$514,"<>")=0,"",IFERROR(SUMPRODUCT(--($A$7:$A$514="Activity"),--($D$7:$D$514="P"),$O$7:$O$514,U$7:U$514)/SUMPRODUCT(--($A$7:$A$514="Activity"),--($D$7:$D$514="P"),$O$7:$O$514),"")) | V5: =IF(COUNTIFS($A$7:$A$514,"Activity",$D$7:$D$514,"P",V$7:V$514,"<>")=0,"",IFERROR(SUMPRODUCT(--($A$7:$A$514="Activity"),--($D$7:$D$514="P"),$O$7:$O$514,V$7:V$514)/SUMPRODUCT(--($A$7:$A$514="Activity"),--($D$7:$D$514="P"),$O$7:$O$514),"")) | W5: =IF(COUNTIFS($A$7:$A$514,"Activity",$D$7:$D$514,"P",W$7:W$514,"<>")=0,"",IFERROR(SUMPRODUCT(--($A$7:$A$514="Activity"),--($D$7:$D$514="P"),$O$7:$O$514,W$7:W$514)/SUMPRODUCT(--($A$7:$A$514="Activity"),--($D$7:$D$514="P"),$O$7:$O$514),"")) -> 0.00088090204 | X5: =IF(COUNTIFS($A$7:$A$514,"Activity",$D$7:$D$514,"P",X$7:X$514,"<>")=0,"",IFERROR(SUMPRODUCT(--($A$7:$A$514="Activity"),--($D$7:$D$514="P"),$O$7:$O$514,X$7:X$514)/SUMPRODUCT(--($A$7:$A$514="Activity"),--($D$7:$D$514="P"),$O$7:$O$514),"")) -> 0.0010962337 | Y5: =IF(COUNTIFS($A$7:$A$514,"Activity",$D$7:$D$514,"P",Y$7:Y$514,"<>")=0,"",IFERROR(SUMPRODUCT(--($A$7:$A$514="Activity"),--($D$7:$D$514="P"),$O$7:$O$514,Y$7:Y$514)/SUMPRODUCT(--($A$7:$A$514="Activity"),--($D$7:$D$514="P"),$O$7:$O$514),"")) -> 0.00095920445 | ... CO5: =IF(COUNTIFS($A$7:$A$514,"Activity",$D$7:$D$514,"P",CO$7:CO$514,"<>")=0,"",IFERROR(SUMPRODUCT(--($A$7:$A$514="Activity"),--($D$7:$D$514="P"),$O$7:$O$514,CO$7:CO$514)/SUMPRODUCT(--($A$7:$A$514="Activity"),--($D$7:$D$514="P"),$O$7:$O$514),""))
D6: A | M6: =IF(COUNT(R6:CO6)=0,"",SUM(R6:CO6)) | O6: =O5 -> 17200000 | R6: =IF(COUNTIFS($E$7:$E$514,"<>",$D$7:$D$514,"A",R$7:R$514,"<>")=0,"",IFERROR(SUMPRODUCT(--($E$7:$E$514<>""),--($D$7:$D$514="A"),$O$7:$O$514,R$7:R$514)/SUMPRODUCT(--($E$7:$E$514<>""),--($D$7:$D$514="A"),$O$7:$O$514),"")) | S6: =IF(COUNTIFS($E$7:$E$514,"<>",$D$7:$D$514,"A",S$7:S$514,"<>")=0,"",IFERROR(SUMPRODUCT(--($E$7:$E$514<>""),--($D$7:$D$514="A"),$O$7:$O$514,S$7:S$514)/SUMPRODUCT(--($E$7:$E$514<>""),--($D$7:$D$514="A"),$O$7:$O$514),"")) | T6: =IF(COUNTIFS($E$7:$E$514,"<>",$D$7:$D$514,"A",T$7:T$514,"<>")=0,"",IFERROR(SUMPRODUCT(--($E$7:$E$514<>""),--($D$7:$D$514="A"),$O$7:$O$514,T$7:T$514)/SUMPRODUCT(--($E$7:$E$514<>""),--($D$7:$D$514="A"),$O$7:$O$514),"")) | U6: =IF(COUNTIFS($E$7:$E$514,"<>",$D$7:$D$514,"A",U$7:U$514,"<>")=0,"",IFERROR(SUMPRODUCT(--($E$7:$E$514<>""),--($D$7:$D$514="A"),$O$7:$O$514,U$7:U$514)/SUMPRODUCT(--($E$7:$E$514<>""),--($D$7:$D$514="A"),$O$7:$O$514),"")) | V6: =IF(COUNTIFS($E$7:$E$514,"<>",$D$7:$D$514,"A",V$7:V$514,"<>")=0,"",IFERROR(SUMPRODUCT(--($E$7:$E$514<>""),--($D$7:$D$514="A"),$O$7:$O$514,V$7:V$514)/SUMPRODUCT(--($E$7:$E$514<>""),--($D$7:$D$514="A"),$O$7:$O$514),"")) | W6: =IF(COUNTIFS($E$7:$E$514,"<>",$D$7:$D$514,"A",W$7:W$514,"<>")=0,"",IFERROR(SUMPRODUCT(--($E$7:$E$514<>""),--($D$7:$D$514="A"),$O$7:$O$514,W$7:W$514)/SUMPRODUCT(--($E$7:$E$514<>""),--($D$7:$D$514="A"),$O$7:$O$514),"")) | X6: =IF(COUNTIFS($E$7:$E$514,"<>",$D$7:$D$514,"A",X$7:X$514,"<>")=0,"",IFERROR(SUMPRODUCT(--($E$7:$E$514<>""),--($D$7:$D$514="A"),$O$7:$O$514,X$7:X$514)/SUMPRODUCT(--($E$7:$E$514<>""),--($D$7:$D$514="A"),$O$7:$O$514),"")) | Y6: =IF(COUNTIFS($E$7:$E$514,"<>",$D$7:$D$514,"A",Y$7:Y$514,"<>")=0,"",IFERROR(SUMPRODUCT(--($E$7:$E$514<>""),--($D$7:$D$514="A"),$O$7:$O$514,Y$7:Y$514)/SUMPRODUCT(--($E$7:$E$514<>""),--($D$7:$D$514="A"),$O$7:$O$514),"")) | ... CO6: =IF(COUNTIFS($E$7:$E$514,"<>",$D$7:$D$514,"A",CO$7:CO$514,"<>")=0,"",IFERROR(SUMPRODUCT(--($E$7:$E$514<>""),--($D$7:$D$514="A"),$O$7:$O$514,CO$7:CO$514)/SUMPRODUCT(--($E$7:$E$514<>""),--($D$7:$D$514="A"),$O$7:$O$514),""))
A7: WBS | B7: 1 | C7: งานเตรียมงาน | D7: P | F7: 1 | G7: 1 | H7: 1 | I7: 46076.333 | J7: 46268.667 | M7: =IF(COUNT(R7:CO7)=0,"",SUM(R7:CO7)) -> 1 | O7: =SUMIFS($O$8:$O$35,$A$8:$A$35,"Activity",$D$8:$D$35,"P") -> 1100000 | R7: =IF(COUNTIFS($A$9:$A$36,"Activity",$D$9:$D$36,"P",R$9:R$36,"<>")=0,"",IFERROR(SUMPRODUCT(--($A$9:$A$36="Activity"),--($D$9:$D$36="P"),$O$9:$O$36,R$9:R$36)/SUMPRODUCT(--($A$9:$A$36="Activity"),--($D$9:$D$36="P"),$O$9:$O$36),"")) | S7: =IF(COUNTIFS($A$9:$A$36,"Activity",$D$9:$D$36,"P",S$9:S$36,"<>")=0,"",IFERROR(SUMPRODUCT(--($A$9:$A$36="Activity"),--($D$9:$D$36="P"),$O$9:$O$36,S$9:S$36)/SUMPRODUCT(--($A$9:$A$36="Activity"),--($D$9:$D$36="P"),$O$9:$O$36),"")) | T7: =IF(COUNTIFS($A$9:$A$36,"Activity",$D$9:$D$36,"P",T$9:T$36,"<>")=0,"",IFERROR(SUMPRODUCT(--($A$9:$A$36="Activity"),--($D$9:$D$36="P"),$O$9:$O$36,T$9:T$36)/SUMPRODUCT(--($A$9:$A$36="Activity"),--($D$9:$D$36="P"),$O$9:$O$36),"")) | U7: =IF(COUNTIFS($A$9:$A$36,"Activity",$D$9:$D$36,"P",U$9:U$36,"<>")=0,"",IFERROR(SUMPRODUCT(--($A$9:$A$36="Activity"),--($D$9:$D$36="P"),$O$9:$O$36,U$9:U$36)/SUMPRODUCT(--($A$9:$A$36="Activity"),--($D$9:$D$36="P"),$O$9:$O$36),"")) | V7: =IF(COUNTIFS($A$9:$A$36,"Activity",$D$9:$D$36,"P",V$9:V$36,"<>")=0,"",IFERROR(SUMPRODUCT(--($A$9:$A$36="Activity"),--($D$9:$D$36="P"),$O$9:$O$36,V$9:V$36)/SUMPRODUCT(--($A$9:$A$36="Activity"),--($D$9:$D$36="P"),$O$9:$O$36),"")) | W7: =IF(COUNTIFS($A$9:$A$36,"Activity",$D$9:$D$36,"P",W$9:W$36,"<>")=0,"",IFERROR(SUMPRODUCT(--($A$9:$A$36="Activity"),--($D$9:$D$36="P"),$O$9:$O$36,W$9:W$36)/SUMPRODUCT(--($A$9:$A$36="Activity"),--($D$9:$D$36="P"),$O$9:$O$36),"")) -> 0.013774105 | X7: =IF(COUNTIFS($A$9:$A$36,"Activity",$D$9:$D$36,"P",X$9:X$36,"<>")=0,"",IFERROR(SUMPRODUCT(--($A$9:$A$36="Activity"),--($D$9:$D$36="P"),$O$9:$O$36,X$9:X$36)/SUMPRODUCT(--($A$9:$A$36="Activity"),--($D$9:$D$36="P"),$O$9:$O$36),"")) -> 0.017141108 | Y7: =IF(COUNTIFS($A$9:$A$36,"Activity",$D$9:$D$36,"P",Y$9:Y$36,"<>")=0,"",IFERROR(SUMPRODUCT(--($A$9:$A$36="Activity"),--($D$9:$D$36="P"),$O$9:$O$36,Y$9:Y$36)/SUMPRODUCT(--($A$9:$A$36="Activity"),--($D$9:$D$36="P"),$O$9:$O$36),"")) -> 0.01499847 | ... CO7: =IF(COUNTIFS($A$9:$A$36,"Activity",$D$9:$D$36,"P",CO$9:CO$36,"<>")=0,"",IFERROR(SUMPRODUCT(--($A$9:$A$36="Activity"),--($D$9:$D$36="P"),$O$9:$O$36,CO$9:CO$36)/SUMPRODUCT(--($A$9:$A$36="Activity"),--($D$9:$D$36="P"),$O$9:$O$36),""))
D8: A | M8: =IF(COUNT(R8:CO8)=0,"",SUM(R8:CO8)) | O8: =O7 -> 1100000 | R8: =IF(COUNTIFS($E$9:$E$36,"<>",$D$9:$D$36,"A",R$9:R$36,"<>")=0,"",IFERROR(SUMPRODUCT(--($E$9:$E$36<>""),--($D$9:$D$36="A"),$O$9:$O$36,R$9:R$36)/SUMPRODUCT(--($E$9:$E$36<>""),--($D$9:$D$36="A"),$O$9:$O$36),"")) | S8: =IF(COUNTIFS($E$9:$E$36,"<>",$D$9:$D$36,"A",S$9:S$36,"<>")=0,"",IFERROR(SUMPRODUCT(--($E$9:$E$36<>""),--($D$9:$D$36="A"),$O$9:$O$36,S$9:S$36)/SUMPRODUCT(--($E$9:$E$36<>""),--($D$9:$D$36="A"),$O$9:$O$36),"")) | T8: =IF(COUNTIFS($E$9:$E$36,"<>",$D$9:$D$36,"A",T$9:T$36,"<>")=0,"",IFERROR(SUMPRODUCT(--($E$9:$E$36<>""),--($D$9:$D$36="A"),$O$9:$O$36,T$9:T$36)/SUMPRODUCT(--($E$9:$E$36<>""),--($D$9:$D$36="A"),$O$9:$O$36),"")) | U8: =IF(COUNTIFS($E$9:$E$36,"<>",$D$9:$D$36,"A",U$9:U$36,"<>")=0,"",IFERROR(SUMPRODUCT(--($E$9:$E$36<>""),--($D$9:$D$36="A"),$O$9:$O$36,U$9:U$36)/SUMPRODUCT(--($E$9:$E$36<>""),--($D$9:$D$36="A"),$O$9:$O$36),"")) | V8: =IF(COUNTIFS($E$9:$E$36,"<>",$D$9:$D$36,"A",V$9:V$36,"<>")=0,"",IFERROR(SUMPRODUCT(--($E$9:$E$36<>""),--($D$9:$D$36="A"),$O$9:$O$36,V$9:V$36)/SUMPRODUCT(--($E$9:$E$36<>""),--($D$9:$D$36="A"),$O$9:$O$36),"")) | W8: =IF(COUNTIFS($E$9:$E$36,"<>",$D$9:$D$36,"A",W$9:W$36,"<>")=0,"",IFERROR(SUMPRODUCT(--($E$9:$E$36<>""),--($D$9:$D$36="A"),$O$9:$O$36,W$9:W$36)/SUMPRODUCT(--($E$9:$E$36<>""),--($D$9:$D$36="A"),$O$9:$O$36),"")) | X8: =IF(COUNTIFS($E$9:$E$36,"<>",$D$9:$D$36,"A",X$9:X$36,"<>")=0,"",IFERROR(SUMPRODUCT(--($E$9:$E$36<>""),--($D$9:$D$36="A"),$O$9:$O$36,X$9:X$36)/SUMPRODUCT(--($E$9:$E$36<>""),--($D$9:$D$36="A"),$O$9:$O$36),"")) | Y8: =IF(COUNTIFS($E$9:$E$36,"<>",$D$9:$D$36,"A",Y$9:Y$36,"<>")=0,"",IFERROR(SUMPRODUCT(--($E$9:$E$36<>""),--($D$9:$D$36="A"),$O$9:$O$36,Y$9:Y$36)/SUMPRODUCT(--($E$9:$E$36<>""),--($D$9:$D$36="A"),$O$9:$O$36),"")) | ... CO8: =IF(COUNTIFS($E$9:$E$36,"<>",$D$9:$D$36,"A",CO$9:CO$36,"<>")=0,"",IFERROR(SUMPRODUCT(--($E$9:$E$36<>""),--($D$9:$D$36="A"),$O$9:$O$36,CO$9:CO$36)/SUMPRODUCT(--($E$9:$E$36<>""),--($D$9:$D$36="A"),$O$9:$O$36),""))
A9: WBS | B9: 1.1 | C9: Mobilization | D9: P | F9: 2 | G9: 2 | H9: 2 | I9: 46076.333 | J9: 46136.667 | M9: =IF(COUNT(R9:CO9)=0,"",SUM(R9:CO9)) -> 1 | O9: =SUMIFS($O$10:$O$11,$A$10:$A$11,"Activity",$D$10:$D$11,"P") -> 100000 | R9: =IF(COUNTIFS($A$11:$A$12,"Activity",$D$11:$D$12,"P",R$11:R$12,"<>")=0,"",IFERROR(SUMPRODUCT(--($A$11:$A$12="Activity"),--($D$11:$D$12="P"),$O$11:$O$12,R$11:R$12)/SUMPRODUCT(--($A$11:$A$12="Activity"),--($D$11:$D$12="P"),$O$11:$O$12),"")) | S9: =IF(COUNTIFS($A$11:$A$12,"Activity",$D$11:$D$12,"P",S$11:S$12,"<>")=0,"",IFERROR(SUMPRODUCT(--($A$11:$A$12="Activity"),--($D$11:$D$12="P"),$O$11:$O$12,S$11:S$12)/SUMPRODUCT(--($A$11:$A$12="Activity"),--($D$11:$D$12="P"),$O$11:$O$12),"")) | T9: =IF(COUNTIFS($A$11:$A$12,"Activity",$D$11:$D$12,"P",T$11:T$12,"<>")=0,"",IFERROR(SUMPRODUCT(--($A$11:$A$12="Activity"),--($D$11:$D$12="P"),$O$11:$O$12,T$11:T$12)/SUMPRODUCT(--($A$11:$A$12="Activity"),--($D$11:$D$12="P"),$O$11:$O$12),"")) | U9: =IF(COUNTIFS($A$11:$A$12,"Activity",$D$11:$D$12,"P",U$11:U$12,"<>")=0,"",IFERROR(SUMPRODUCT(--($A$11:$A$12="Activity"),--($D$11:$D$12="P"),$O$11:$O$12,U$11:U$12)/SUMPRODUCT(--($A$11:$A$12="Activity"),--($D$11:$D$12="P"),$O$11:$O$12),"")) | V9: =IF(COUNTIFS($A$11:$A$12,"Activity",$D$11:$D$12,"P",V$11:V$12,"<>")=0,"",IFERROR(SUMPRODUCT(--($A$11:$A$12="Activity"),--($D$11:$D$12="P"),$O$11:$O$12,V$11:V$12)/SUMPRODUCT(--($A$11:$A$12="Activity"),--($D$11:$D$12="P"),$O$11:$O$12),"")) | W9: =IF(COUNTIFS($A$11:$A$12,"Activity",$D$11:$D$12,"P",W$11:W$12,"<>")=0,"",IFERROR(SUMPRODUCT(--($A$11:$A$12="Activity"),--($D$11:$D$12="P"),$O$11:$O$12,W$11:W$12)/SUMPRODUCT(--($A$11:$A$12="Activity"),--($D$11:$D$12="P"),$O$11:$O$12),"")) -> 0.15151515 | X9: =IF(COUNTIFS($A$11:$A$12,"Activity",$D$11:$D$12,"P",X$11:X$12,"<>")=0,"",IFERROR(SUMPRODUCT(--($A$11:$A$12="Activity"),--($D$11:$D$12="P"),$O$11:$O$12,X$11:X$12)/SUMPRODUCT(--($A$11:$A$12="Activity"),--($D$11:$D$12="P"),$O$11:$O$12),"")) -> 0.18855219 | Y9: =IF(COUNTIFS($A$11:$A$12,"Activity",$D$11:$D$12,"P",Y$11:Y$12,"<>")=0,"",IFERROR(SUMPRODUCT(--($A$11:$A$12="Activity"),--($D$11:$D$12="P"),$O$11:$O$12,Y$11:Y$12)/SUMPRODUCT(--($A$11:$A$12="Activity"),--($D$11:$D$12="P"),$O$11:$O$12),"")) -> 0.16498316 | ... CO9: =IF(COUNTIFS($A$11:$A$12,"Activity",$D$11:$D$12,"P",CO$11:CO$12,"<>")=0,"",IFERROR(SUMPRODUCT(--($A$11:$A$12="Activity"),--($D$11:$D$12="P"),$O$11:$O$12,CO$11:CO$12)/SUMPRODUCT(--($A$11:$A$12="Activity"),--($D$11:$D$12="P"),$O$11:$O$12),""))
D10: A | M10: =IF(COUNT(R10:CO10)=0,"",SUM(R10:CO10)) | O10: =O9 -> 100000 | R10: =IF(COUNTIFS($E$11:$E$12,"<>",$D$11:$D$12,"A",R$11:R$12,"<>")=0,"",IFERROR(SUMPRODUCT(--($E$11:$E$12<>""),--($D$11:$D$12="A"),$O$11:$O$12,R$11:R$12)/SUMPRODUCT(--($E$11:$E$12<>""),--($D$11:$D$12="A"),$O$11:$O$12),"")) | S10: =IF(COUNTIFS($E$11:$E$12,"<>",$D$11:$D$12,"A",S$11:S$12,"<>")=0,"",IFERROR(SUMPRODUCT(--($E$11:$E$12<>""),--($D$11:$D$12="A"),$O$11:$O$12,S$11:S$12)/SUMPRODUCT(--($E$11:$E$12<>""),--($D$11:$D$12="A"),$O$11:$O$12),"")) | T10: =IF(COUNTIFS($E$11:$E$12,"<>",$D$11:$D$12,"A",T$11:T$12,"<>")=0,"",IFERROR(SUMPRODUCT(--($E$11:$E$12<>""),--($D$11:$D$12="A"),$O$11:$O$12,T$11:T$12)/SUMPRODUCT(--($E$11:$E$12<>""),--($D$11:$D$12="A"),$O$11:$O$12),"")) | U10: =IF(COUNTIFS($E$11:$E$12,"<>",$D$11:$D$12,"A",U$11:U$12,"<>")=0,"",IFERROR(SUMPRODUCT(--($E$11:$E$12<>""),--($D$11:$D$12="A"),$O$11:$O$12,U$11:U$12)/SUMPRODUCT(--($E$11:$E$12<>""),--($D$11:$D$12="A"),$O$11:$O$12),"")) | V10: =IF(COUNTIFS($E$11:$E$12,"<>",$D$11:$D$12,"A",V$11:V$12,"<>")=0,"",IFERROR(SUMPRODUCT(--($E$11:$E$12<>""),--($D$11:$D$12="A"),$O$11:$O$12,V$11:V$12)/SUMPRODUCT(--($E$11:$E$12<>""),--($D$11:$D$12="A"),$O$11:$O$12),"")) | W10: =IF(COUNTIFS($E$11:$E$12,"<>",$D$11:$D$12,"A",W$11:W$12,"<>")=0,"",IFERROR(SUMPRODUCT(--($E$11:$E$12<>""),--($D$11:$D$12="A"),$O$11:$O$12,W$11:W$12)/SUMPRODUCT(--($E$11:$E$12<>""),--($D$11:$D$12="A"),$O$11:$O$12),"")) | X10: =IF(COUNTIFS($E$11:$E$12,"<>",$D$11:$D$12,"A",X$11:X$12,"<>")=0,"",IFERROR(SUMPRODUCT(--($E$11:$E$12<>""),--($D$11:$D$12="A"),$O$11:$O$12,X$11:X$12)/SUMPRODUCT(--($E$11:$E$12<>""),--($D$11:$D$12="A"),$O$11:$O$12),"")) | Y10: =IF(COUNTIFS($E$11:$E$12,"<>",$D$11:$D$12,"A",Y$11:Y$12,"<>")=0,"",IFERROR(SUMPRODUCT(--($E$11:$E$12<>""),--($D$11:$D$12="A"),$O$11:$O$12,Y$11:Y$12)/SUMPRODUCT(--($E$11:$E$12<>""),--($D$11:$D$12="A"),$O$11:$O$12),"")) | ... CO10: =IF(COUNTIFS($E$11:$E$12,"<>",$D$11:$D$12,"A",CO$11:CO$12,"<>")=0,"",IFERROR(SUMPRODUCT(--($E$11:$E$12<>""),--($D$11:$D$12="A"),$O$11:$O$12,CO$11:CO$12)/SUMPRODUCT(--($E$11:$E$12<>""),--($D$11:$D$12="A"),$O$11:$O$12),""))
A11: Activity | B11: 1.1.1 | C11: Site Mobilization | D11: P | E11: A1000 | F11: 3 | G11: 3 | H11: 3 | I11: 46076.333 | J11: 46136.667 | M11: =IF(COUNT(R11:CO11)=0,"",SUM(R11:CO11)) -> 1 | O11: 100000 | W11: 0.15151515 | X11: 0.18855219 | Y11: 0.16498316 | Z11: 0.14141414 | AA11: 0.11784512 | AB11: 0.094276094 | AC11: 0.070707071 | AD11: 0.047138047 | AE11: 0.023569024
D12: A | E12: A1000 | M12: =IF(COUNT(R12:CO12)=0,"",SUM(R12:CO12)) | N12: 0 | O12: =O11 -> 100000
A13: WBS | B13: 1.2 | C13: งานรื้อถอน | D13: P | F13: 4 | G13: 4 | H13: 2 | I13: 46129.333 | J13: 46247.667 | M13: =IF(COUNT(R13:CO13)=0,"",SUM(R13:CO13)) -> 1 | O13: =SUMIFS($O$14:$O$25,$A$14:$A$25,"Activity",$D$14:$D$25,"P") -> 600000 | R13: =IF(COUNTIFS($A$15:$A$26,"Activity",$D$15:$D$26,"P",R$15:R$26,"<>")=0,"",IFERROR(SUMPRODUCT(--($A$15:$A$26="Activity"),--($D$15:$D$26="P"),$O$15:$O$26,R$15:R$26)/SUMPRODUCT(--($A$15:$A$26="Activity"),--($D$15:$D$26="P"),$O$15:$O$26),"")) | S13: =IF(COUNTIFS($A$15:$A$26,"Activity",$D$15:$D$26,"P",S$15:S$26,"<>")=0,"",IFERROR(SUMPRODUCT(--($A$15:$A$26="Activity"),--($D$15:$D$26="P"),$O$15:$O$26,S$15:S$26)/SUMPRODUCT(--($A$15:$A$26="Activity"),--($D$15:$D$26="P"),$O$15:$O$26),"")) | T13: =IF(COUNTIFS($A$15:$A$26,"Activity",$D$15:$D$26,"P",T$15:T$26,"<>")=0,"",IFERROR(SUMPRODUCT(--($A$15:$A$26="Activity"),--($D$15:$D$26="P"),$O$15:$O$26,T$15:T$26)/SUMPRODUCT(--($A$15:$A$26="Activity"),--($D$15:$D$26="P"),$O$15:$O$26),"")) | U13: =IF(COUNTIFS($A$15:$A$26,"Activity",$D$15:$D$26,"P",U$15:U$26,"<>")=0,"",IFERROR(SUMPRODUCT(--($A$15:$A$26="Activity"),--($D$15:$D$26="P"),$O$15:$O$26,U$15:U$26)/SUMPRODUCT(--($A$15:$A$26="Activity"),--($D$15:$D$26="P"),$O$15:$O$26),"")) | V13: =IF(COUNTIFS($A$15:$A$26,"Activity",$D$15:$D$26,"P",V$15:V$26,"<>")=0,"",IFERROR(SUMPRODUCT(--($A$15:$A$26="Activity"),--($D$15:$D$26="P"),$O$15:$O$26,V$15:V$26)/SUMPRODUCT(--($A$15:$A$26="Activity"),--($D$15:$D$26="P"),$O$15:$O$26),"")) | W13: =IF(COUNTIFS($A$15:$A$26,"Activity",$D$15:$D$26,"P",W$15:W$26,"<>")=0,"",IFERROR(SUMPRODUCT(--($A$15:$A$26="Activity"),--($D$15:$D$26="P"),$O$15:$O$26,W$15:W$26)/SUMPRODUCT(--($A$15:$A$26="Activity"),--($D$15:$D$26="P"),$O$15:$O$26),"")) | X13: =IF(COUNTIFS($A$15:$A$26,"Activity",$D$15:$D$26,"P",X$15:X$26,"<>")=0,"",IFERROR(SUMPRODUCT(--($A$15:$A$26="Activity"),--($D$15:$D$26="P"),$O$15:$O$26,X$15:X$26)/SUMPRODUCT(--($A$15:$A$26="Activity"),--($D$15:$D$26="P"),$O$15:$O$26),"")) | Y13: =IF(COUNTIFS($A$15:$A$26,"Activity",$D$15:$D$26,"P",Y$15:Y$26,"<>")=0,"",IFERROR(SUMPRODUCT(--($A$15:$A$26="Activity"),--($D$15:$D$26="P"),$O$15:$O$26,Y$15:Y$26)/SUMPRODUCT(--($A$15:$A$26="Activity"),--($D$15:$D$26="P"),$O$15:$O$26),"")) | ... CO13: =IF(COUNTIFS($A$15:$A$26,"Activity",$D$15:$D$26,"P",CO$15:CO$26,"<>")=0,"",IFERROR(SUMPRODUCT(--($A$15:$A$26="Activity"),--($D$15:$D$26="P"),$O$15:$O$26,CO$15:CO$26)/SUMPRODUCT(--($A$15:$A$26="Activity"),--($D$15:$D$26="P"),$O$15:$O$26),""))
D14: A | M14: =IF(COUNT(R14:CO14)=0,"",SUM(R14:CO14)) | O14: =O13 -> 600000 | R14: =IF(COUNTIFS($E$15:$E$26,"<>",$D$15:$D$26,"A",R$15:R$26,"<>")=0,"",IFERROR(SUMPRODUCT(--($E$15:$E$26<>""),--($D$15:$D$26="A"),$O$15:$O$26,R$15:R$26)/SUMPRODUCT(--($E$15:$E$26<>""),--($D$15:$D$26="A"),$O$15:$O$26),"")) | S14: =IF(COUNTIFS($E$15:$E$26,"<>",$D$15:$D$26,"A",S$15:S$26,"<>")=0,"",IFERROR(SUMPRODUCT(--($E$15:$E$26<>""),--($D$15:$D$26="A"),$O$15:$O$26,S$15:S$26)/SUMPRODUCT(--($E$15:$E$26<>""),--($D$15:$D$26="A"),$O$15:$O$26),"")) | T14: =IF(COUNTIFS($E$15:$E$26,"<>",$D$15:$D$26,"A",T$15:T$26,"<>")=0,"",IFERROR(SUMPRODUCT(--($E$15:$E$26<>""),--($D$15:$D$26="A"),$O$15:$O$26,T$15:T$26)/SUMPRODUCT(--($E$15:$E$26<>""),--($D$15:$D$26="A"),$O$15:$O$26),"")) | U14: =IF(COUNTIFS($E$15:$E$26,"<>",$D$15:$D$26,"A",U$15:U$26,"<>")=0,"",IFERROR(SUMPRODUCT(--($E$15:$E$26<>""),--($D$15:$D$26="A"),$O$15:$O$26,U$15:U$26)/SUMPRODUCT(--($E$15:$E$26<>""),--($D$15:$D$26="A"),$O$15:$O$26),"")) | V14: =IF(COUNTIFS($E$15:$E$26,"<>",$D$15:$D$26,"A",V$15:V$26,"<>")=0,"",IFERROR(SUMPRODUCT(--($E$15:$E$26<>""),--($D$15:$D$26="A"),$O$15:$O$26,V$15:V$26)/SUMPRODUCT(--($E$15:$E$26<>""),--($D$15:$D$26="A"),$O$15:$O$26),"")) | W14: =IF(COUNTIFS($E$15:$E$26,"<>",$D$15:$D$26,"A",W$15:W$26,"<>")=0,"",IFERROR(SUMPRODUCT(--($E$15:$E$26<>""),--($D$15:$D$26="A"),$O$15:$O$26,W$15:W$26)/SUMPRODUCT(--($E$15:$E$26<>""),--($D$15:$D$26="A"),$O$15:$O$26),"")) | X14: =IF(COUNTIFS($E$15:$E$26,"<>",$D$15:$D$26,"A",X$15:X$26,"<>")=0,"",IFERROR(SUMPRODUCT(--($E$15:$E$26<>""),--($D$15:$D$26="A"),$O$15:$O$26,X$15:X$26)/SUMPRODUCT(--($E$15:$E$26<>""),--($D$15:$D$26="A"),$O$15:$O$26),"")) | Y14: =IF(COUNTIFS($E$15:$E$26,"<>",$D$15:$D$26,"A",Y$15:Y$26,"<>")=0,"",IFERROR(SUMPRODUCT(--($E$15:$E$26<>""),--($D$15:$D$26="A"),$O$15:$O$26,Y$15:Y$26)/SUMPRODUCT(--($E$15:$E$26<>""),--($D$15:$D$26="A"),$O$15:$O$26),"")) | ... CO14: =IF(COUNTIFS($E$15:$E$26,"<>",$D$15:$D$26,"A",CO$15:CO$26,"<>")=0,"",IFERROR(SUMPRODUCT(--($E$15:$E$26<>""),--($D$15:$D$26="A"),$O$15:$O$26,CO$15:CO$26)/SUMPRODUCT(--($E$15:$E$26<>""),--($D$15:$D$26="A"),$O$15:$O$26),""))
A15: Activity | B15: 1.2.1 | C15: Roof & Roof Floor | D15: P | E15: A1005 | F15: 5 | G15: 5 | H15: 3 | I15: 46150.333 | J15: 46170.667 | M15: =IF(COUNT(R15:CO15)=0,"",SUM(R15:CO15)) -> 1 | O15: 100000 | P15: 34.933333 | AG15: 0.047619048 | AH15: 0.33333333 | AI15: 0.33333333 | AJ15: 0.28571429
D16: A | E16: A1005 | M16: =IF(COUNT(R16:CO16)=0,"",SUM(R16:CO16)) | N16: 0 | O16: =O15 -> 100000
A17: Activity | B17: 1.2.2 | C17: 3rd Floor | D17: P | E17: A1010 | F17: 6 | G17: 6 | H17: 3 | I17: 46129.333 | J17: 46149.667 | M17: =IF(COUNT(R17:CO17)=0,"",SUM(R17:CO17)) -> 1 | O17: 100000 | P17: 0 | AD17: 0.047619048 | AE17: 0.33333333 | AF17: 0.33333333 | AG17: 0.28571429
D18: A | E18: A1010 | M18: =IF(COUNT(R18:CO18)=0,"",SUM(R18:CO18)) | N18: 0 | O18: =O17 -> 100000
A19: Activity | B19: 1.2.3 | C19: 2nd Floor | D19: P | E19: A1020 | F19: 7 | G19: 7 | H19: 3 | I19: 46150.333 | J19: 46170.667 | M19: =IF(COUNT(R19:CO19)=0,"",SUM(R19:CO19)) -> 1 | O19: 100000 | P19: 0 | AG19: 0.047619048 | AH19: 0.33333333 | AI19: 0.33333333 | AJ19: 0.28571429
D20: A | E20: A1020 | M20: =IF(COUNT(R20:CO20)=0,"",SUM(R20:CO20)) | N20: 0 | O20: =O19 -> 100000
A21: Activity | B21: 1.2.4 | C21: Mezzanine Floor | D21: P | E21: A1030 | F21: 8 | G21: 8 | H21: 3 | I21: 46171.333 | J21: 46191.667 | M21: =IF(COUNT(R21:CO21)=0,"",SUM(R21:CO21)) -> 1 | O21: 100000 | P21: 0 | AJ21: 0.047619048 | AK21: 0.33333333 | AL21: 0.33333333 | AM21: 0.28571429
D22: A | E22: A1030 | M22: =IF(COUNT(R22:CO22)=0,"",SUM(R22:CO22)) | N22: 0 | O22: =O21 -> 100000
A23: Activity | B23: 1.2.5 | C23: Ground Floor | D23: P | E23: A1040 | F23: 9 | G23: 9 | H23: 3 | I23: 46192.333 | J23: 46219.667 | M23: =IF(COUNT(R23:CO23)=0,"",SUM(R23:CO23)) -> 1 | O23: 100000 | P23: 0 | AM23: 0.035714286 | AN23: 0.25 | AO23: 0.25 | AP23: 0.25 | AQ23: 0.21428571
D24: A | E24: A1040 | M24: =IF(COUNT(R24:CO24)=0,"",SUM(R24:CO24)) | N24: 0 | O24: =O23 -> 100000
A25: Activity | B25: 1.2.6 | C25: External | D25: P | E25: A1050 | F25: 10 | G25: 10 | H25: 3 | I25: 46220.333 | J25: 46247.667 | M25: =IF(COUNT(R25:CO25)=0,"",SUM(R25:CO25)) -> 1 | O25: 100000 | P25: 27.6 | AQ25: 0.035714286 | AR25: 0.25 | AS25: 0.25 | AT25: 0.25 | AU25: 0.21428571
D26: A | E26: A1050 | M26: =IF(COUNT(R26:CO26)=0,"",SUM(R26:CO26)) | N26: 0 | O26: =O25 -> 100000
A27: WBS | B27: 1.3 | C27: งานซ่อมโครงสร้าง | D27: P | F27: 11 | G27: 11 | H27: 2 | I27: 46220.333 | J27: 46268.667 | M27: =IF(COUNT(R27:CO27)=0,"",SUM(R27:CO27)) -> 1 | O27: =SUMIFS($O$28:$O$35,$A$28:$A$35,"Activity",$D$28:$D$35,"P") -> 400000 | R27: =IF(COUNTIFS($A$29:$A$36,"Activity",$D$29:$D$36,"P",R$29:R$36,"<>")=0,"",IFERROR(SUMPRODUCT(--($A$29:$A$36="Activity"),--($D$29:$D$36="P"),$O$29:$O$36,R$29:R$36)/SUMPRODUCT(--($A$29:$A$36="Activity"),--($D$29:$D$36="P"),$O$29:$O$36),"")) | S27: =IF(COUNTIFS($A$29:$A$36,"Activity",$D$29:$D$36,"P",S$29:S$36,"<>")=0,"",IFERROR(SUMPRODUCT(--($A$29:$A$36="Activity"),--($D$29:$D$36="P"),$O$29:$O$36,S$29:S$36)/SUMPRODUCT(--($A$29:$A$36="Activity"),--($D$29:$D$36="P"),$O$29:$O$36),"")) | T27: =IF(COUNTIFS($A$29:$A$36,"Activity",$D$29:$D$36,"P",T$29:T$36,"<>")=0,"",IFERROR(SUMPRODUCT(--($A$29:$A$36="Activity"),--($D$29:$D$36="P"),$O$29:$O$36,T$29:T$36)/SUMPRODUCT(--($A$29:$A$36="Activity"),--($D$29:$D$36="P"),$O$29:$O$36),"")) | U27: =IF(COUNTIFS($A$29:$A$36,"Activity",$D$29:$D$36,"P",U$29:U$36,"<>")=0,"",IFERROR(SUMPRODUCT(--($A$29:$A$36="Activity"),--($D$29:$D$36="P"),$O$29:$O$36,U$29:U$36)/SUMPRODUCT(--($A$29:$A$36="Activity"),--($D$29:$D$36="P"),$O$29:$O$36),"")) | V27: =IF(COUNTIFS($A$29:$A$36,"Activity",$D$29:$D$36,"P",V$29:V$36,"<>")=0,"",IFERROR(SUMPRODUCT(--($A$29:$A$36="Activity"),--($D$29:$D$36="P"),$O$29:$O$36,V$29:V$36)/SUMPRODUCT(--($A$29:$A$36="Activity"),--($D$29:$D$36="P"),$O$29:$O$36),"")) | W27: =IF(COUNTIFS($A$29:$A$36,"Activity",$D$29:$D$36,"P",W$29:W$36,"<>")=0,"",IFERROR(SUMPRODUCT(--($A$29:$A$36="Activity"),--($D$29:$D$36="P"),$O$29:$O$36,W$29:W$36)/SUMPRODUCT(--($A$29:$A$36="Activity"),--($D$29:$D$36="P"),$O$29:$O$36),"")) | X27: =IF(COUNTIFS($A$29:$A$36,"Activity",$D$29:$D$36,"P",X$29:X$36,"<>")=0,"",IFERROR(SUMPRODUCT(--($A$29:$A$36="Activity"),--($D$29:$D$36="P"),$O$29:$O$36,X$29:X$36)/SUMPRODUCT(--($A$29:$A$36="Activity"),--($D$29:$D$36="P"),$O$29:$O$36),"")) | Y27: =IF(COUNTIFS($A$29:$A$36,"Activity",$D$29:$D$36,"P",Y$29:Y$36,"<>")=0,"",IFERROR(SUMPRODUCT(--($A$29:$A$36="Activity"),--($D$29:$D$36="P"),$O$29:$O$36,Y$29:Y$36)/SUMPRODUCT(--($A$29:$A$36="Activity"),--($D$29:$D$36="P"),$O$29:$O$36),"")) | ... CO27: =IF(COUNTIFS($A$29:$A$36,"Activity",$D$29:$D$36,"P",CO$29:CO$36,"<>")=0,"",IFERROR(SUMPRODUCT(--($A$29:$A$36="Activity"),--($D$29:$D$36="P"),$O$29:$O$36,CO$29:CO$36)/SUMPRODUCT(--($A$29:$A$36="Activity"),--($D$29:$D$36="P"),$O$29:$O$36),""))
D28: A | M28: =IF(COUNT(R28:CO28)=0,"",SUM(R28:CO28)) | O28: =O27 -> 400000 | R28: =IF(COUNTIFS($E$29:$E$36,"<>",$D$29:$D$36,"A",R$29:R$36,"<>")=0,"",IFERROR(SUMPRODUCT(--($E$29:$E$36<>""),--($D$29:$D$36="A"),$O$29:$O$36,R$29:R$36)/SUMPRODUCT(--($E$29:$E$36<>""),--($D$29:$D$36="A"),$O$29:$O$36),"")) | S28: =IF(COUNTIFS($E$29:$E$36,"<>",$D$29:$D$36,"A",S$29:S$36,"<>")=0,"",IFERROR(SUMPRODUCT(--($E$29:$E$36<>""),--($D$29:$D$36="A"),$O$29:$O$36,S$29:S$36)/SUMPRODUCT(--($E$29:$E$36<>""),--($D$29:$D$36="A"),$O$29:$O$36),"")) | T28: =IF(COUNTIFS($E$29:$E$36,"<>",$D$29:$D$36,"A",T$29:T$36,"<>")=0,"",IFERROR(SUMPRODUCT(--($E$29:$E$36<>""),--($D$29:$D$36="A"),$O$29:$O$36,T$29:T$36)/SUMPRODUCT(--($E$29:$E$36<>""),--($D$29:$D$36="A"),$O$29:$O$36),"")) | U28: =IF(COUNTIFS($E$29:$E$36,"<>",$D$29:$D$36,"A",U$29:U$36,"<>")=0,"",IFERROR(SUMPRODUCT(--($E$29:$E$36<>""),--($D$29:$D$36="A"),$O$29:$O$36,U$29:U$36)/SUMPRODUCT(--($E$29:$E$36<>""),--($D$29:$D$36="A"),$O$29:$O$36),"")) | V28: =IF(COUNTIFS($E$29:$E$36,"<>",$D$29:$D$36,"A",V$29:V$36,"<>")=0,"",IFERROR(SUMPRODUCT(--($E$29:$E$36<>""),--($D$29:$D$36="A"),$O$29:$O$36,V$29:V$36)/SUMPRODUCT(--($E$29:$E$36<>""),--($D$29:$D$36="A"),$O$29:$O$36),"")) | W28: =IF(COUNTIFS($E$29:$E$36,"<>",$D$29:$D$36,"A",W$29:W$36,"<>")=0,"",IFERROR(SUMPRODUCT(--($E$29:$E$36<>""),--($D$29:$D$36="A"),$O$29:$O$36,W$29:W$36)/SUMPRODUCT(--($E$29:$E$36<>""),--($D$29:$D$36="A"),$O$29:$O$36),"")) | X28: =IF(COUNTIFS($E$29:$E$36,"<>",$D$29:$D$36,"A",X$29:X$36,"<>")=0,"",IFERROR(SUMPRODUCT(--($E$29:$E$36<>""),--($D$29:$D$36="A"),$O$29:$O$36,X$29:X$36)/SUMPRODUCT(--($E$29:$E$36<>""),--($D$29:$D$36="A"),$O$29:$O$36),"")) | Y28: =IF(COUNTIFS($E$29:$E$36,"<>",$D$29:$D$36,"A",Y$29:Y$36,"<>")=0,"",IFERROR(SUMPRODUCT(--($E$29:$E$36<>""),--($D$29:$D$36="A"),$O$29:$O$36,Y$29:Y$36)/SUMPRODUCT(--($E$29:$E$36<>""),--($D$29:$D$36="A"),$O$29:$O$36),"")) | ... CO28: =IF(COUNTIFS($E$29:$E$36,"<>",$D$29:$D$36,"A",CO$29:CO$36,"<>")=0,"",IFERROR(SUMPRODUCT(--($E$29:$E$36<>""),--($D$29:$D$36="A"),$O$29:$O$36,CO$29:CO$36)/SUMPRODUCT(--($E$29:$E$36<>""),--($D$29:$D$36="A"),$O$29:$O$36),""))
A29: Activity | B29: 1.3.1 | C29: Ground FL | D29: P | E29: A1060 | F29: 12 | G29: 12 | H29: 3 | I29: 46220.333 | J29: 46233.667 | M29: =IF(COUNT(R29:CO29)=0,"",SUM(R29:CO29)) -> 1 | O29: 100000 | P29: 0 | AQ29: 0.071428571 | AR29: 0.5 | AS29: 0.42857143
D30: A | E30: A1060 | M30: =IF(COUNT(R30:CO30)=0,"",SUM(R30:CO30)) | N30: 0 | O30: =O29 -> 100000
A31: Activity | B31: 1.3.2 | C31: 2nd FL | D31: P | E31: A1070 | F31: 13 | G31: 13 | H31: 3 | I31: 46234.333 | J31: 46247.667 | M31: =IF(COUNT(R31:CO31)=0,"",SUM(R31:CO31)) -> 1 | O31: 100000 | P31: 0 | AS31: 0.071428571 | AT31: 0.5 | AU31: 0.42857143
D32: A | E32: A1070 | M32: =IF(COUNT(R32:CO32)=0,"",SUM(R32:CO32)) | N32: 0 | O32: =O31 -> 100000
A33: Activity | B33: 1.3.3 | C33: 3rd FL | D33: P | E33: A1080 | F33: 14 | G33: 14 | H33: 3 | I33: 46248.333 | J33: 46261.667 | M33: =IF(COUNT(R33:CO33)=0,"",SUM(R33:CO33)) -> 1 | O33: 100000 | P33: 0 | AU33: 0.071428571 | AV33: 0.5 | AW33: 0.42857143
D34: A | E34: A1080 | M34: =IF(COUNT(R34:CO34)=0,"",SUM(R34:CO34)) | N34: 0 | O34: =O33 -> 100000
A35: Activity | B35: 1.3.4 | C35: Roof FL | D35: P | E35: A1090 | F35: 15 | G35: 15 | H35: 3 | I35: 46262.333 | J35: 46268.667 | M35: =IF(COUNT(R35:CO35)=0,"",SUM(R35:CO35)) -> 1 | O35: 100000 | P35: 0 | AW35: 0.14285714 | AX35: 0.85714286
D36: A | E36: A1090 | M36: =IF(COUNT(R36:CO36)=0,"",SUM(R36:CO36)) | N36: 0 | O36: =O35 -> 100000
A37: WBS | B37: 2 | C37: Structure | D37: P | F37: 16 | G37: 16 | H37: 1 | I37: 46230.333 | J37: 46435.667 | M37: =IF(COUNT(R37:CO37)=0,"",SUM(R37:CO37)) -> 1 | O37: =SUMIFS($O$38:$O$147,$A$38:$A$147,"Activity",$D$38:$D$147,"P") -> 4300000 | R37: =IF(COUNTIFS($A$39:$A$148,"Activity",$D$39:$D$148,"P",R$39:R$148,"<>")=0,"",IFERROR(SUMPRODUCT(--($A$39:$A$148="Activity"),--($D$39:$D$148="P"),$O$39:$O$148,R$39:R$148)/SUMPRODUCT(--($A$39:$A$148="Activity"),--($D$39:$D$148="P"),$O$39:$O$148),"")) | S37: =IF(COUNTIFS($A$39:$A$148,"Activity",$D$39:$D$148,"P",S$39:S$148,"<>")=0,"",IFERROR(SUMPRODUCT(--($A$39:$A$148="Activity"),--($D$39:$D$148="P"),$O$39:$O$148,S$39:S$148)/SUMPRODUCT(--($A$39:$A$148="Activity"),--($D$39:$D$148="P"),$O$39:$O$148),"")) | T37: =IF(COUNTIFS($A$39:$A$148,"Activity",$D$39:$D$148,"P",T$39:T$148,"<>")=0,"",IFERROR(SUMPRODUCT(--($A$39:$A$148="Activity"),--($D$39:$D$148="P"),$O$39:$O$148,T$39:T$148)/SUMPRODUCT(--($A$39:$A$148="Activity"),--($D$39:$D$148="P"),$O$39:$O$148),"")) | U37: =IF(COUNTIFS($A$39:$A$148,"Activity",$D$39:$D$148,"P",U$39:U$148,"<>")=0,"",IFERROR(SUMPRODUCT(--($A$39:$A$148="Activity"),--($D$39:$D$148="P"),$O$39:$O$148,U$39:U$148)/SUMPRODUCT(--($A$39:$A$148="Activity"),--($D$39:$D$148="P"),$O$39:$O$148),"")) | V37: =IF(COUNTIFS($A$39:$A$148,"Activity",$D$39:$D$148,"P",V$39:V$148,"<>")=0,"",IFERROR(SUMPRODUCT(--($A$39:$A$148="Activity"),--($D$39:$D$148="P"),$O$39:$O$148,V$39:V$148)/SUMPRODUCT(--($A$39:$A$148="Activity"),--($D$39:$D$148="P"),$O$39:$O$148),"")) | W37: =IF(COUNTIFS($A$39:$A$148,"Activity",$D$39:$D$148,"P",W$39:W$148,"<>")=0,"",IFERROR(SUMPRODUCT(--($A$39:$A$148="Activity"),--($D$39:$D$148="P"),$O$39:$O$148,W$39:W$148)/SUMPRODUCT(--($A$39:$A$148="Activity"),--($D$39:$D$148="P"),$O$39:$O$148),"")) | X37: =IF(COUNTIFS($A$39:$A$148,"Activity",$D$39:$D$148,"P",X$39:X$148,"<>")=0,"",IFERROR(SUMPRODUCT(--($A$39:$A$148="Activity"),--($D$39:$D$148="P"),$O$39:$O$148,X$39:X$148)/SUMPRODUCT(--($A$39:$A$148="Activity"),--($D$39:$D$148="P"),$O$39:$O$148),"")) | Y37: =IF(COUNTIFS($A$39:$A$148,"Activity",$D$39:$D$148,"P",Y$39:Y$148,"<>")=0,"",IFERROR(SUMPRODUCT(--($A$39:$A$148="Activity"),--($D$39:$D$148="P"),$O$39:$O$148,Y$39:Y$148)/SUMPRODUCT(--($A$39:$A$148="Activity"),--($D$39:$D$148="P"),$O$39:$O$148),"")) | ... CO37: =IF(COUNTIFS($A$39:$A$148,"Activity",$D$39:$D$148,"P",CO$39:CO$148,"<>")=0,"",IFERROR(SUMPRODUCT(--($A$39:$A$148="Activity"),--($D$39:$D$148="P"),$O$39:$O$148,CO$39:CO$148)/SUMPRODUCT(--($A$39:$A$148="Activity"),--($D$39:$D$148="P"),$O$39:$O$148),""))
D38: A | M38: =IF(COUNT(R38:CO38)=0,"",SUM(R38:CO38)) | O38: =O37 -> 4300000 | R38: =IF(COUNTIFS($E$39:$E$148,"<>",$D$39:$D$148,"A",R$39:R$148,"<>")=0,"",IFERROR(SUMPRODUCT(--($E$39:$E$148<>""),--($D$39:$D$148="A"),$O$39:$O$148,R$39:R$148)/SUMPRODUCT(--($E$39:$E$148<>""),--($D$39:$D$148="A"),$O$39:$O$148),"")) | S38: =IF(COUNTIFS($E$39:$E$148,"<>",$D$39:$D$148,"A",S$39:S$148,"<>")=0,"",IFERROR(SUMPRODUCT(--($E$39:$E$148<>""),--($D$39:$D$148="A"),$O$39:$O$148,S$39:S$148)/SUMPRODUCT(--($E$39:$E$148<>""),--($D$39:$D$148="A"),$O$39:$O$148),"")) | T38: =IF(COUNTIFS($E$39:$E$148,"<>",$D$39:$D$148,"A",T$39:T$148,"<>")=0,"",IFERROR(SUMPRODUCT(--($E$39:$E$148<>""),--($D$39:$D$148="A"),$O$39:$O$148,T$39:T$148)/SUMPRODUCT(--($E$39:$E$148<>""),--($D$39:$D$148="A"),$O$39:$O$148),"")) | U38: =IF(COUNTIFS($E$39:$E$148,"<>",$D$39:$D$148,"A",U$39:U$148,"<>")=0,"",IFERROR(SUMPRODUCT(--($E$39:$E$148<>""),--($D$39:$D$148="A"),$O$39:$O$148,U$39:U$148)/SUMPRODUCT(--($E$39:$E$148<>""),--($D$39:$D$148="A"),$O$39:$O$148),"")) | V38: =IF(COUNTIFS($E$39:$E$148,"<>",$D$39:$D$148,"A",V$39:V$148,"<>")=0,"",IFERROR(SUMPRODUCT(--($E$39:$E$148<>""),--($D$39:$D$148="A"),$O$39:$O$148,V$39:V$148)/SUMPRODUCT(--($E$39:$E$148<>""),--($D$39:$D$148="A"),$O$39:$O$148),"")) | W38: =IF(COUNTIFS($E$39:$E$148,"<>",$D$39:$D$148,"A",W$39:W$148,"<>")=0,"",IFERROR(SUMPRODUCT(--($E$39:$E$148<>""),--($D$39:$D$148="A"),$O$39:$O$148,W$39:W$148)/SUMPRODUCT(--($E$39:$E$148<>""),--($D$39:$D$148="A"),$O$39:$O$148),"")) | X38: =IF(COUNTIFS($E$39:$E$148,"<>",$D$39:$D$148,"A",X$39:X$148,"<>")=0,"",IFERROR(SUMPRODUCT(--($E$39:$E$148<>""),--($D$39:$D$148="A"),$O$39:$O$148,X$39:X$148)/SUMPRODUCT(--($E$39:$E$148<>""),--($D$39:$D$148="A"),$O$39:$O$148),"")) | Y38: =IF(COUNTIFS($E$39:$E$148,"<>",$D$39:$D$148,"A",Y$39:Y$148,"<>")=0,"",IFERROR(SUMPRODUCT(--($E$39:$E$148<>""),--($D$39:$D$148="A"),$O$39:$O$148,Y$39:Y$148)/SUMPRODUCT(--($E$39:$E$148<>""),--($D$39:$D$148="A"),$O$39:$O$148),"")) | ... CO38: =IF(COUNTIFS($E$39:$E$148,"<>",$D$39:$D$148,"A",CO$39:CO$148,"<>")=0,"",IFERROR(SUMPRODUCT(--($E$39:$E$148<>""),--($D$39:$D$148="A"),$O$39:$O$148,CO$39:CO$148)/SUMPRODUCT(--($E$39:$E$148<>""),--($D$39:$D$148="A"),$O$39:$O$148),""))
A39: WBS | B39: 2.1 | C39: Pilling Work | D39: P | F39: 17 | G39: 17 | H39: 2 | I39: 46230.333 | J39: 46255.667 | M39: =IF(COUNT(R39:CO39)=0,"",SUM(R39:CO39)) -> 1 | O39: =SUMIFS($O$40:$O$41,$A$40:$A$41,"Activity",$D$40:$D$41,"P") -> 100000 | R39: =IF(COUNTIFS($A$41:$A$42,"Activity",$D$41:$D$42,"P",R$41:R$42,"<>")=0,"",IFERROR(SUMPRODUCT(--($A$41:$A$42="Activity"),--($D$41:$D$42="P"),$O$41:$O$42,R$41:R$42)/SUMPRODUCT(--($A$41:$A$42="Activity"),--($D$41:$D$42="P"),$O$41:$O$42),"")) | S39: =IF(COUNTIFS($A$41:$A$42,"Activity",$D$41:$D$42,"P",S$41:S$42,"<>")=0,"",IFERROR(SUMPRODUCT(--($A$41:$A$42="Activity"),--($D$41:$D$42="P"),$O$41:$O$42,S$41:S$42)/SUMPRODUCT(--($A$41:$A$42="Activity"),--($D$41:$D$42="P"),$O$41:$O$42),"")) | T39: =IF(COUNTIFS($A$41:$A$42,"Activity",$D$41:$D$42,"P",T$41:T$42,"<>")=0,"",IFERROR(SUMPRODUCT(--($A$41:$A$42="Activity"),--($D$41:$D$42="P"),$O$41:$O$42,T$41:T$42)/SUMPRODUCT(--($A$41:$A$42="Activity"),--($D$41:$D$42="P"),$O$41:$O$42),"")) | U39: =IF(COUNTIFS($A$41:$A$42,"Activity",$D$41:$D$42,"P",U$41:U$42,"<>")=0,"",IFERROR(SUMPRODUCT(--($A$41:$A$42="Activity"),--($D$41:$D$42="P"),$O$41:$O$42,U$41:U$42)/SUMPRODUCT(--($A$41:$A$42="Activity"),--($D$41:$D$42="P"),$O$41:$O$42),"")) | V39: =IF(COUNTIFS($A$41:$A$42,"Activity",$D$41:$D$42,"P",V$41:V$42,"<>")=0,"",IFERROR(SUMPRODUCT(--($A$41:$A$42="Activity"),--($D$41:$D$42="P"),$O$41:$O$42,V$41:V$42)/SUMPRODUCT(--($A$41:$A$42="Activity"),--($D$41:$D$42="P"),$O$41:$O$42),"")) | W39: =IF(COUNTIFS($A$41:$A$42,"Activity",$D$41:$D$42,"P",W$41:W$42,"<>")=0,"",IFERROR(SUMPRODUCT(--($A$41:$A$42="Activity"),--($D$41:$D$42="P"),$O$41:$O$42,W$41:W$42)/SUMPRODUCT(--($A$41:$A$42="Activity"),--($D$41:$D$42="P"),$O$41:$O$42),"")) | X39: =IF(COUNTIFS($A$41:$A$42,"Activity",$D$41:$D$42,"P",X$41:X$42,"<>")=0,"",IFERROR(SUMPRODUCT(--($A$41:$A$42="Activity"),--($D$41:$D$42="P"),$O$41:$O$42,X$41:X$42)/SUMPRODUCT(--($A$41:$A$42="Activity"),--($D$41:$D$42="P"),$O$41:$O$42),"")) | Y39: =IF(COUNTIFS($A$41:$A$42,"Activity",$D$41:$D$42,"P",Y$41:Y$42,"<>")=0,"",IFERROR(SUMPRODUCT(--($A$41:$A$42="Activity"),--($D$41:$D$42="P"),$O$41:$O$42,Y$41:Y$42)/SUMPRODUCT(--($A$41:$A$42="Activity"),--($D$41:$D$42="P"),$O$41:$O$42),"")) | ... CO39: =IF(COUNTIFS($A$41:$A$42,"Activity",$D$41:$D$42,"P",CO$41:CO$42,"<>")=0,"",IFERROR(SUMPRODUCT(--($A$41:$A$42="Activity"),--($D$41:$D$42="P"),$O$41:$O$42,CO$41:CO$42)/SUMPRODUCT(--($A$41:$A$42="Activity"),--($D$41:$D$42="P"),$O$41:$O$42),""))
D40: A | M40: =IF(COUNT(R40:CO40)=0,"",SUM(R40:CO40)) | O40: =O39 -> 100000 | R40: =IF(COUNTIFS($E$41:$E$42,"<>",$D$41:$D$42,"A",R$41:R$42,"<>")=0,"",IFERROR(SUMPRODUCT(--($E$41:$E$42<>""),--($D$41:$D$42="A"),$O$41:$O$42,R$41:R$42)/SUMPRODUCT(--($E$41:$E$42<>""),--($D$41:$D$42="A"),$O$41:$O$42),"")) | S40: =IF(COUNTIFS($E$41:$E$42,"<>",$D$41:$D$42,"A",S$41:S$42,"<>")=0,"",IFERROR(SUMPRODUCT(--($E$41:$E$42<>""),--($D$41:$D$42="A"),$O$41:$O$42,S$41:S$42)/SUMPRODUCT(--($E$41:$E$42<>""),--($D$41:$D$42="A"),$O$41:$O$42),"")) | T40: =IF(COUNTIFS($E$41:$E$42,"<>",$D$41:$D$42,"A",T$41:T$42,"<>")=0,"",IFERROR(SUMPRODUCT(--($E$41:$E$42<>""),--($D$41:$D$42="A"),$O$41:$O$42,T$41:T$42)/SUMPRODUCT(--($E$41:$E$42<>""),--($D$41:$D$42="A"),$O$41:$O$42),"")) | U40: =IF(COUNTIFS($E$41:$E$42,"<>",$D$41:$D$42,"A",U$41:U$42,"<>")=0,"",IFERROR(SUMPRODUCT(--($E$41:$E$42<>""),--($D$41:$D$42="A"),$O$41:$O$42,U$41:U$42)/SUMPRODUCT(--($E$41:$E$42<>""),--($D$41:$D$42="A"),$O$41:$O$42),"")) | V40: =IF(COUNTIFS($E$41:$E$42,"<>",$D$41:$D$42,"A",V$41:V$42,"<>")=0,"",IFERROR(SUMPRODUCT(--($E$41:$E$42<>""),--($D$41:$D$42="A"),$O$41:$O$42,V$41:V$42)/SUMPRODUCT(--($E$41:$E$42<>""),--($D$41:$D$42="A"),$O$41:$O$42),"")) | W40: =IF(COUNTIFS($E$41:$E$42,"<>",$D$41:$D$42,"A",W$41:W$42,"<>")=0,"",IFERROR(SUMPRODUCT(--($E$41:$E$42<>""),--($D$41:$D$42="A"),$O$41:$O$42,W$41:W$42)/SUMPRODUCT(--($E$41:$E$42<>""),--($D$41:$D$42="A"),$O$41:$O$42),"")) | X40: =IF(COUNTIFS($E$41:$E$42,"<>",$D$41:$D$42,"A",X$41:X$42,"<>")=0,"",IFERROR(SUMPRODUCT(--($E$41:$E$42<>""),--($D$41:$D$42="A"),$O$41:$O$42,X$41:X$42)/SUMPRODUCT(--($E$41:$E$42<>""),--($D$41:$D$42="A"),$O$41:$O$42),"")) | Y40: =IF(COUNTIFS($E$41:$E$42,"<>",$D$41:$D$42,"A",Y$41:Y$42,"<>")=0,"",IFERROR(SUMPRODUCT(--($E$41:$E$42<>""),--($D$41:$D$42="A"),$O$41:$O$42,Y$41:Y$42)/SUMPRODUCT(--($E$41:$E$42<>""),--($D$41:$D$42="A"),$O$41:$O$42),"")) | ... CO40: =IF(COUNTIFS($E$41:$E$42,"<>",$D$41:$D$42,"A",CO$41:CO$42,"<>")=0,"",IFERROR(SUMPRODUCT(--($E$41:$E$42<>""),--($D$41:$D$42="A"),$O$41:$O$42,CO$41:CO$42)/SUMPRODUCT(--($E$41:$E$42<>""),--($D$41:$D$42="A"),$O$41:$O$42),""))
A41: Activity | B41: 2.1.1 | C41: Bored Pile | D41: P | E41: A1100 | F41: 18 | G41: 18 | H41: 3 | I41: 46230.333 | J41: 46255.667 | M41: =IF(COUNT(R41:CO41)=0,"",SUM(R41:CO41)) -> 1 | O41: 100000 | P41: 0 | AS41: 0.32258065 | AT41: 0.33870968 | AU41: 0.22580645 | AV41: 0.11290323
D42: A | E42: A1100 | M42: =IF(COUNT(R42:CO42)=0,"",SUM(R42:CO42)) | N42: 0 | O42: =O41 -> 100000
A43: WBS | B43: 2.2 | C43: Toilet & Pantry | D43: P | F43: 19 | G43: 19 | H43: 2 | I43: 46258.333 | J43: 46332.667 | M43: =IF(COUNT(R43:CO43)=0,"",SUM(R43:CO43)) -> 1 | O43: =SUMIFS($O$44:$O$51,$A$44:$A$51,"Activity",$D$44:$D$51,"P") -> 400000 | R43: =IF(COUNTIFS($A$45:$A$52,"Activity",$D$45:$D$52,"P",R$45:R$52,"<>")=0,"",IFERROR(SUMPRODUCT(--($A$45:$A$52="Activity"),--($D$45:$D$52="P"),$O$45:$O$52,R$45:R$52)/SUMPRODUCT(--($A$45:$A$52="Activity"),--($D$45:$D$52="P"),$O$45:$O$52),"")) | S43: =IF(COUNTIFS($A$45:$A$52,"Activity",$D$45:$D$52,"P",S$45:S$52,"<>")=0,"",IFERROR(SUMPRODUCT(--($A$45:$A$52="Activity"),--($D$45:$D$52="P"),$O$45:$O$52,S$45:S$52)/SUMPRODUCT(--($A$45:$A$52="Activity"),--($D$45:$D$52="P"),$O$45:$O$52),"")) | T43: =IF(COUNTIFS($A$45:$A$52,"Activity",$D$45:$D$52,"P",T$45:T$52,"<>")=0,"",IFERROR(SUMPRODUCT(--($A$45:$A$52="Activity"),--($D$45:$D$52="P"),$O$45:$O$52,T$45:T$52)/SUMPRODUCT(--($A$45:$A$52="Activity"),--($D$45:$D$52="P"),$O$45:$O$52),"")) | U43: =IF(COUNTIFS($A$45:$A$52,"Activity",$D$45:$D$52,"P",U$45:U$52,"<>")=0,"",IFERROR(SUMPRODUCT(--($A$45:$A$52="Activity"),--($D$45:$D$52="P"),$O$45:$O$52,U$45:U$52)/SUMPRODUCT(--($A$45:$A$52="Activity"),--($D$45:$D$52="P"),$O$45:$O$52),"")) | V43: =IF(COUNTIFS($A$45:$A$52,"Activity",$D$45:$D$52,"P",V$45:V$52,"<>")=0,"",IFERROR(SUMPRODUCT(--($A$45:$A$52="Activity"),--($D$45:$D$52="P"),$O$45:$O$52,V$45:V$52)/SUMPRODUCT(--($A$45:$A$52="Activity"),--($D$45:$D$52="P"),$O$45:$O$52),"")) | W43: =IF(COUNTIFS($A$45:$A$52,"Activity",$D$45:$D$52,"P",W$45:W$52,"<>")=0,"",IFERROR(SUMPRODUCT(--($A$45:$A$52="Activity"),--($D$45:$D$52="P"),$O$45:$O$52,W$45:W$52)/SUMPRODUCT(--($A$45:$A$52="Activity"),--($D$45:$D$52="P"),$O$45:$O$52),"")) | X43: =IF(COUNTIFS($A$45:$A$52,"Activity",$D$45:$D$52,"P",X$45:X$52,"<>")=0,"",IFERROR(SUMPRODUCT(--($A$45:$A$52="Activity"),--($D$45:$D$52="P"),$O$45:$O$52,X$45:X$52)/SUMPRODUCT(--($A$45:$A$52="Activity"),--($D$45:$D$52="P"),$O$45:$O$52),"")) | Y43: =IF(COUNTIFS($A$45:$A$52,"Activity",$D$45:$D$52,"P",Y$45:Y$52,"<>")=0,"",IFERROR(SUMPRODUCT(--($A$45:$A$52="Activity"),--($D$45:$D$52="P"),$O$45:$O$52,Y$45:Y$52)/SUMPRODUCT(--($A$45:$A$52="Activity"),--($D$45:$D$52="P"),$O$45:$O$52),"")) | ... CO43: =IF(COUNTIFS($A$45:$A$52,"Activity",$D$45:$D$52,"P",CO$45:CO$52,"<>")=0,"",IFERROR(SUMPRODUCT(--($A$45:$A$52="Activity"),--($D$45:$D$52="P"),$O$45:$O$52,CO$45:CO$52)/SUMPRODUCT(--($A$45:$A$52="Activity"),--($D$45:$D$52="P"),$O$45:$O$52),""))
D44: A | M44: =IF(COUNT(R44:CO44)=0,"",SUM(R44:CO44)) | O44: =O43 -> 400000 | R44: =IF(COUNTIFS($E$45:$E$52,"<>",$D$45:$D$52,"A",R$45:R$52,"<>")=0,"",IFERROR(SUMPRODUCT(--($E$45:$E$52<>""),--($D$45:$D$52="A"),$O$45:$O$52,R$45:R$52)/SUMPRODUCT(--($E$45:$E$52<>""),--($D$45:$D$52="A"),$O$45:$O$52),"")) | S44: =IF(COUNTIFS($E$45:$E$52,"<>",$D$45:$D$52,"A",S$45:S$52,"<>")=0,"",IFERROR(SUMPRODUCT(--($E$45:$E$52<>""),--($D$45:$D$52="A"),$O$45:$O$52,S$45:S$52)/SUMPRODUCT(--($E$45:$E$52<>""),--($D$45:$D$52="A"),$O$45:$O$52),"")) | T44: =IF(COUNTIFS($E$45:$E$52,"<>",$D$45:$D$52,"A",T$45:T$52,"<>")=0,"",IFERROR(SUMPRODUCT(--($E$45:$E$52<>""),--($D$45:$D$52="A"),$O$45:$O$52,T$45:T$52)/SUMPRODUCT(--($E$45:$E$52<>""),--($D$45:$D$52="A"),$O$45:$O$52),"")) | U44: =IF(COUNTIFS($E$45:$E$52,"<>",$D$45:$D$52,"A",U$45:U$52,"<>")=0,"",IFERROR(SUMPRODUCT(--($E$45:$E$52<>""),--($D$45:$D$52="A"),$O$45:$O$52,U$45:U$52)/SUMPRODUCT(--($E$45:$E$52<>""),--($D$45:$D$52="A"),$O$45:$O$52),"")) | V44: =IF(COUNTIFS($E$45:$E$52,"<>",$D$45:$D$52,"A",V$45:V$52,"<>")=0,"",IFERROR(SUMPRODUCT(--($E$45:$E$52<>""),--($D$45:$D$52="A"),$O$45:$O$52,V$45:V$52)/SUMPRODUCT(--($E$45:$E$52<>""),--($D$45:$D$52="A"),$O$45:$O$52),"")) | W44: =IF(COUNTIFS($E$45:$E$52,"<>",$D$45:$D$52,"A",W$45:W$52,"<>")=0,"",IFERROR(SUMPRODUCT(--($E$45:$E$52<>""),--($D$45:$D$52="A"),$O$45:$O$52,W$45:W$52)/SUMPRODUCT(--($E$45:$E$52<>""),--($D$45:$D$52="A"),$O$45:$O$52),"")) | X44: =IF(COUNTIFS($E$45:$E$52,"<>",$D$45:$D$52,"A",X$45:X$52,"<>")=0,"",IFERROR(SUMPRODUCT(--($E$45:$E$52<>""),--($D$45:$D$52="A"),$O$45:$O$52,X$45:X$52)/SUMPRODUCT(--($E$45:$E$52<>""),--($D$45:$D$52="A"),$O$45:$O$52),"")) | Y44: =IF(COUNTIFS($E$45:$E$52,"<>",$D$45:$D$52,"A",Y$45:Y$52,"<>")=0,"",IFERROR(SUMPRODUCT(--($E$45:$E$52<>""),--($D$45:$D$52="A"),$O$45:$O$52,Y$45:Y$52)/SUMPRODUCT(--($E$45:$E$52<>""),--($D$45:$D$52="A"),$O$45:$O$52),"")) | ... CO44: =IF(COUNTIFS($E$45:$E$52,"<>",$D$45:$D$52,"A",CO$45:CO$52,"<>")=0,"",IFERROR(SUMPRODUCT(--($E$45:$E$52<>""),--($D$45:$D$52="A"),$O$45:$O$52,CO$45:CO$52)/SUMPRODUCT(--($E$45:$E$52<>""),--($D$45:$D$52="A"),$O$45:$O$52),""))
A45: Activity | B45: 2.2.1 | C45: Foundation | D45: P | E45: A1110 | F45: 20 | G45: 20 | H45: 3 | I45: 46258.333 | J45: 46276.667 | M45: =IF(COUNT(R45:CO45)=0,"",SUM(R45:CO45)) -> 1 | O45: 100000 | P45: 0.8 | AW45: 0.41666667 | AX45: 0.38888889 | AY45: 0.19444444
D46: A | E46: A1110 | M46: =IF(COUNT(R46:CO46)=0,"",SUM(R46:CO46)) | N46: 0 | O46: =O45 -> 100000
A47: Activity | B47: 2.2.2 | C47: RC Beam & Slab for GL.Floor | D47: P | E47: A1120 | F47: 21 | G47: 21 | H47: 3 | I47: 46279.333 | J47: 46290.667 | M47: =IF(COUNT(R47:CO47)=0,"",SUM(R47:CO47)) -> 1 | O47: 100000 | P47: 1.4666667 | AZ47: 0.41666667 | BA47: 0.58333333
D48: A | E48: A1120 | M48: =IF(COUNT(R48:CO48)=0,"",SUM(R48:CO48)) | N48: 0 | O48: =O47 -> 100000
A49: Activity | B49: 2.2.3 | C49: Steel Column & Beam M to R | D49: P | E49: A1130 | F49: 22 | G49: 22 | H49: 3 | I49: 46293.333 | J49: 46311.667 | M49: =IF(COUNT(R49:CO49)=0,"",SUM(R49:CO49)) -> 1 | O49: 100000 | P49: 1.4666667 | BB49: 0.17225355 | BC49: 0.58659148 | BD49: 0.24115497
D50: A | E50: A1130 | M50: =IF(COUNT(R50:CO50)=0,"",SUM(R50:CO50)) | N50: 0 | O50: =O49 -> 100000
A51: Activity | B51: 2.2.4 | C51: RC Slab M to R | D51: P | E51: A1140 | F51: 23 | G51: 23 | H51: 3 | I51: 46314.333 | J51: 46332.667 | M51: =IF(COUNT(R51:CO51)=0,"",SUM(R51:CO51)) -> 1 | O51: 100000 | P51: 1.4666667 | BE51: 0.17225355 | BF51: 0.58659148 | BG51: 0.24115497
D52: A | E52: A1140 | M52: =IF(COUNT(R52:CO52)=0,"",SUM(R52:CO52)) | N52: 0 | O52: =O51 -> 100000
A53: WBS | B53: 2.3 | C53: Lift | D53: P | F53: 24 | G53: 24 | H53: 2 | I53: 46279.333 | J53: 46324.667 | M53: =IF(COUNT(R53:CO53)=0,"",SUM(R53:CO53)) -> 1 | O53: =SUMIFS($O$54:$O$61,$A$54:$A$61,"Activity",$D$54:$D$61,"P") -> 400000 | R53: =IF(COUNTIFS($A$55:$A$62,"Activity",$D$55:$D$62,"P",R$55:R$62,"<>")=0,"",IFERROR(SUMPRODUCT(--($A$55:$A$62="Activity"),--($D$55:$D$62="P"),$O$55:$O$62,R$55:R$62)/SUMPRODUCT(--($A$55:$A$62="Activity"),--($D$55:$D$62="P"),$O$55:$O$62),"")) | S53: =IF(COUNTIFS($A$55:$A$62,"Activity",$D$55:$D$62,"P",S$55:S$62,"<>")=0,"",IFERROR(SUMPRODUCT(--($A$55:$A$62="Activity"),--($D$55:$D$62="P"),$O$55:$O$62,S$55:S$62)/SUMPRODUCT(--($A$55:$A$62="Activity"),--($D$55:$D$62="P"),$O$55:$O$62),"")) | T53: =IF(COUNTIFS($A$55:$A$62,"Activity",$D$55:$D$62,"P",T$55:T$62,"<>")=0,"",IFERROR(SUMPRODUCT(--($A$55:$A$62="Activity"),--($D$55:$D$62="P"),$O$55:$O$62,T$55:T$62)/SUMPRODUCT(--($A$55:$A$62="Activity"),--($D$55:$D$62="P"),$O$55:$O$62),"")) | U53: =IF(COUNTIFS($A$55:$A$62,"Activity",$D$55:$D$62,"P",U$55:U$62,"<>")=0,"",IFERROR(SUMPRODUCT(--($A$55:$A$62="Activity"),--($D$55:$D$62="P"),$O$55:$O$62,U$55:U$62)/SUMPRODUCT(--($A$55:$A$62="Activity"),--($D$55:$D$62="P"),$O$55:$O$62),"")) | V53: =IF(COUNTIFS($A$55:$A$62,"Activity",$D$55:$D$62,"P",V$55:V$62,"<>")=0,"",IFERROR(SUMPRODUCT(--($A$55:$A$62="Activity"),--($D$55:$D$62="P"),$O$55:$O$62,V$55:V$62)/SUMPRODUCT(--($A$55:$A$62="Activity"),--($D$55:$D$62="P"),$O$55:$O$62),"")) | W53: =IF(COUNTIFS($A$55:$A$62,"Activity",$D$55:$D$62,"P",W$55:W$62,"<>")=0,"",IFERROR(SUMPRODUCT(--($A$55:$A$62="Activity"),--($D$55:$D$62="P"),$O$55:$O$62,W$55:W$62)/SUMPRODUCT(--($A$55:$A$62="Activity"),--($D$55:$D$62="P"),$O$55:$O$62),"")) | X53: =IF(COUNTIFS($A$55:$A$62,"Activity",$D$55:$D$62,"P",X$55:X$62,"<>")=0,"",IFERROR(SUMPRODUCT(--($A$55:$A$62="Activity"),--($D$55:$D$62="P"),$O$55:$O$62,X$55:X$62)/SUMPRODUCT(--($A$55:$A$62="Activity"),--($D$55:$D$62="P"),$O$55:$O$62),"")) | Y53: =IF(COUNTIFS($A$55:$A$62,"Activity",$D$55:$D$62,"P",Y$55:Y$62,"<>")=0,"",IFERROR(SUMPRODUCT(--($A$55:$A$62="Activity"),--($D$55:$D$62="P"),$O$55:$O$62,Y$55:Y$62)/SUMPRODUCT(--($A$55:$A$62="Activity"),--($D$55:$D$62="P"),$O$55:$O$62),"")) | ... CO53: =IF(COUNTIFS($A$55:$A$62,"Activity",$D$55:$D$62,"P",CO$55:CO$62,"<>")=0,"",IFERROR(SUMPRODUCT(--($A$55:$A$62="Activity"),--($D$55:$D$62="P"),$O$55:$O$62,CO$55:CO$62)/SUMPRODUCT(--($A$55:$A$62="Activity"),--($D$55:$D$62="P"),$O$55:$O$62),""))
D54: A | M54: =IF(COUNT(R54:CO54)=0,"",SUM(R54:CO54)) | O54: =O53 -> 400000 | R54: =IF(COUNTIFS($E$55:$E$62,"<>",$D$55:$D$62,"A",R$55:R$62,"<>")=0,"",IFERROR(SUMPRODUCT(--($E$55:$E$62<>""),--($D$55:$D$62="A"),$O$55:$O$62,R$55:R$62)/SUMPRODUCT(--($E$55:$E$62<>""),--($D$55:$D$62="A"),$O$55:$O$62),"")) | S54: =IF(COUNTIFS($E$55:$E$62,"<>",$D$55:$D$62,"A",S$55:S$62,"<>")=0,"",IFERROR(SUMPRODUCT(--($E$55:$E$62<>""),--($D$55:$D$62="A"),$O$55:$O$62,S$55:S$62)/SUMPRODUCT(--($E$55:$E$62<>""),--($D$55:$D$62="A"),$O$55:$O$62),"")) | T54: =IF(COUNTIFS($E$55:$E$62,"<>",$D$55:$D$62,"A",T$55:T$62,"<>")=0,"",IFERROR(SUMPRODUCT(--($E$55:$E$62<>""),--($D$55:$D$62="A"),$O$55:$O$62,T$55:T$62)/SUMPRODUCT(--($E$55:$E$62<>""),--($D$55:$D$62="A"),$O$55:$O$62),"")) | U54: =IF(COUNTIFS($E$55:$E$62,"<>",$D$55:$D$62,"A",U$55:U$62,"<>")=0,"",IFERROR(SUMPRODUCT(--($E$55:$E$62<>""),--($D$55:$D$62="A"),$O$55:$O$62,U$55:U$62)/SUMPRODUCT(--($E$55:$E$62<>""),--($D$55:$D$62="A"),$O$55:$O$62),"")) | V54: =IF(COUNTIFS($E$55:$E$62,"<>",$D$55:$D$62,"A",V$55:V$62,"<>")=0,"",IFERROR(SUMPRODUCT(--($E$55:$E$62<>""),--($D$55:$D$62="A"),$O$55:$O$62,V$55:V$62)/SUMPRODUCT(--($E$55:$E$62<>""),--($D$55:$D$62="A"),$O$55:$O$62),"")) | W54: =IF(COUNTIFS($E$55:$E$62,"<>",$D$55:$D$62,"A",W$55:W$62,"<>")=0,"",IFERROR(SUMPRODUCT(--($E$55:$E$62<>""),--($D$55:$D$62="A"),$O$55:$O$62,W$55:W$62)/SUMPRODUCT(--($E$55:$E$62<>""),--($D$55:$D$62="A"),$O$55:$O$62),"")) | X54: =IF(COUNTIFS($E$55:$E$62,"<>",$D$55:$D$62,"A",X$55:X$62,"<>")=0,"",IFERROR(SUMPRODUCT(--($E$55:$E$62<>""),--($D$55:$D$62="A"),$O$55:$O$62,X$55:X$62)/SUMPRODUCT(--($E$55:$E$62<>""),--($D$55:$D$62="A"),$O$55:$O$62),"")) | Y54: =IF(COUNTIFS($E$55:$E$62,"<>",$D$55:$D$62,"A",Y$55:Y$62,"<>")=0,"",IFERROR(SUMPRODUCT(--($E$55:$E$62<>""),--($D$55:$D$62="A"),$O$55:$O$62,Y$55:Y$62)/SUMPRODUCT(--($E$55:$E$62<>""),--($D$55:$D$62="A"),$O$55:$O$62),"")) | ... CO54: =IF(COUNTIFS($E$55:$E$62,"<>",$D$55:$D$62,"A",CO$55:CO$62,"<>")=0,"",IFERROR(SUMPRODUCT(--($E$55:$E$62<>""),--($D$55:$D$62="A"),$O$55:$O$62,CO$55:CO$62)/SUMPRODUCT(--($E$55:$E$62<>""),--($D$55:$D$62="A"),$O$55:$O$62),""))
A55: Activity | B55: 2.3.1 | C55: Foundation | D55: P | E55: A1150 | F55: 25 | G55: 25 | H55: 3 | I55: 46279.333 | J55: 46287.667 | M55: =IF(COUNT(R55:CO55)=0,"",SUM(R55:CO55)) -> 1 | O55: 100000 | P55: 0.8 | AZ55: 0.71428571 | BA55: 0.28571429
D56: A | E56: A1150 | M56: =IF(COUNT(R56:CO56)=0,"",SUM(R56:CO56)) | N56: 0 | O56: =O55 -> 100000
A57: Activity | B57: 2.3.2 | C57: RC Beam & Slab for GL.Floor | D57: P | E57: A1160 | F57: 26 | G57: 26 | H57: 3 | I57: 46288.333 | J57: 46296.667 | M57: =IF(COUNT(R57:CO57)=0,"",SUM(R57:CO57)) -> 1 | O57: 100000 | P57: 0.8 | BA57: 0.33333333 | BB57: 0.66666667
D58: A | E58: A1160 | M58: =IF(COUNT(R58:CO58)=0,"",SUM(R58:CO58)) | N58: 0 | O58: =O57 -> 100000
A59: Activity | B59: 2.3.3 | C59: Steel Column & Beam M to R | D59: P | E59: A1170 | F59: 27 | G59: 27 | H59: 3 | I59: 46297.333 | J59: 46310.667 | M59: =IF(COUNT(R59:CO59)=0,"",SUM(R59:CO59)) -> 1 | O59: 100000 | P59: 1.6 | BB59: 0.041619882 | BC59: 0.70866083 | BD59: 0.24971929
D60: A | E60: A1170 | M60: =IF(COUNT(R60:CO60)=0,"",SUM(R60:CO60)) | N60: 0 | O60: =O59 -> 100000
A61: Activity | B61: 2.3.4 | C61: RC Slab M to R | D61: P | E61: A1180 | F61: 28 | G61: 28 | H61: 3 | I61: 46311.333 | J61: 46324.667 | M61: =IF(COUNT(R61:CO61)=0,"",SUM(R61:CO61)) -> 1 | O61: 100000 | P61: 1.6 | BD61: 0.041619882 | BE61: 0.70866083 | BF61: 0.24971929
D62: A | E62: A1180 | M62: =IF(COUNT(R62:CO62)=0,"",SUM(R62:CO62)) | N62: 0 | O62: =O61 -> 100000
A63: WBS | B63: 2.4 | C63: Roof Str. | D63: P | F63: 29 | G63: 29 | H63: 2 | I63: 46251.333 | J63: 46332.667 | M63: =IF(COUNT(R63:CO63)=0,"",SUM(R63:CO63)) -> 1 | O63: =SUMIFS($O$64:$O$71,$A$64:$A$71,"Activity",$D$64:$D$71,"P") -> 400000 | R63: =IF(COUNTIFS($A$65:$A$72,"Activity",$D$65:$D$72,"P",R$65:R$72,"<>")=0,"",IFERROR(SUMPRODUCT(--($A$65:$A$72="Activity"),--($D$65:$D$72="P"),$O$65:$O$72,R$65:R$72)/SUMPRODUCT(--($A$65:$A$72="Activity"),--($D$65:$D$72="P"),$O$65:$O$72),"")) | S63: =IF(COUNTIFS($A$65:$A$72,"Activity",$D$65:$D$72,"P",S$65:S$72,"<>")=0,"",IFERROR(SUMPRODUCT(--($A$65:$A$72="Activity"),--($D$65:$D$72="P"),$O$65:$O$72,S$65:S$72)/SUMPRODUCT(--($A$65:$A$72="Activity"),--($D$65:$D$72="P"),$O$65:$O$72),"")) | T63: =IF(COUNTIFS($A$65:$A$72,"Activity",$D$65:$D$72,"P",T$65:T$72,"<>")=0,"",IFERROR(SUMPRODUCT(--($A$65:$A$72="Activity"),--($D$65:$D$72="P"),$O$65:$O$72,T$65:T$72)/SUMPRODUCT(--($A$65:$A$72="Activity"),--($D$65:$D$72="P"),$O$65:$O$72),"")) | U63: =IF(COUNTIFS($A$65:$A$72,"Activity",$D$65:$D$72,"P",U$65:U$72,"<>")=0,"",IFERROR(SUMPRODUCT(--($A$65:$A$72="Activity"),--($D$65:$D$72="P"),$O$65:$O$72,U$65:U$72)/SUMPRODUCT(--($A$65:$A$72="Activity"),--($D$65:$D$72="P"),$O$65:$O$72),"")) | V63: =IF(COUNTIFS($A$65:$A$72,"Activity",$D$65:$D$72,"P",V$65:V$72,"<>")=0,"",IFERROR(SUMPRODUCT(--($A$65:$A$72="Activity"),--($D$65:$D$72="P"),$O$65:$O$72,V$65:V$72)/SUMPRODUCT(--($A$65:$A$72="Activity"),--($D$65:$D$72="P"),$O$65:$O$72),"")) | W63: =IF(COUNTIFS($A$65:$A$72,"Activity",$D$65:$D$72,"P",W$65:W$72,"<>")=0,"",IFERROR(SUMPRODUCT(--($A$65:$A$72="Activity"),--($D$65:$D$72="P"),$O$65:$O$72,W$65:W$72)/SUMPRODUCT(--($A$65:$A$72="Activity"),--($D$65:$D$72="P"),$O$65:$O$72),"")) | X63: =IF(COUNTIFS($A$65:$A$72,"Activity",$D$65:$D$72,"P",X$65:X$72,"<>")=0,"",IFERROR(SUMPRODUCT(--($A$65:$A$72="Activity"),--($D$65:$D$72="P"),$O$65:$O$72,X$65:X$72)/SUMPRODUCT(--($A$65:$A$72="Activity"),--($D$65:$D$72="P"),$O$65:$O$72),"")) | Y63: =IF(COUNTIFS($A$65:$A$72,"Activity",$D$65:$D$72,"P",Y$65:Y$72,"<>")=0,"",IFERROR(SUMPRODUCT(--($A$65:$A$72="Activity"),--($D$65:$D$72="P"),$O$65:$O$72,Y$65:Y$72)/SUMPRODUCT(--($A$65:$A$72="Activity"),--($D$65:$D$72="P"),$O$65:$O$72),"")) | ... CO63: =IF(COUNTIFS($A$65:$A$72,"Activity",$D$65:$D$72,"P",CO$65:CO$72,"<>")=0,"",IFERROR(SUMPRODUCT(--($A$65:$A$72="Activity"),--($D$65:$D$72="P"),$O$65:$O$72,CO$65:CO$72)/SUMPRODUCT(--($A$65:$A$72="Activity"),--($D$65:$D$72="P"),$O$65:$O$72),""))
D64: A | M64: =IF(COUNT(R64:CO64)=0,"",SUM(R64:CO64)) | O64: =O63 -> 400000 | R64: =IF(COUNTIFS($E$65:$E$72,"<>",$D$65:$D$72,"A",R$65:R$72,"<>")=0,"",IFERROR(SUMPRODUCT(--($E$65:$E$72<>""),--($D$65:$D$72="A"),$O$65:$O$72,R$65:R$72)/SUMPRODUCT(--($E$65:$E$72<>""),--($D$65:$D$72="A"),$O$65:$O$72),"")) | S64: =IF(COUNTIFS($E$65:$E$72,"<>",$D$65:$D$72,"A",S$65:S$72,"<>")=0,"",IFERROR(SUMPRODUCT(--($E$65:$E$72<>""),--($D$65:$D$72="A"),$O$65:$O$72,S$65:S$72)/SUMPRODUCT(--($E$65:$E$72<>""),--($D$65:$D$72="A"),$O$65:$O$72),"")) | T64: =IF(COUNTIFS($E$65:$E$72,"<>",$D$65:$D$72,"A",T$65:T$72,"<>")=0,"",IFERROR(SUMPRODUCT(--($E$65:$E$72<>""),--($D$65:$D$72="A"),$O$65:$O$72,T$65:T$72)/SUMPRODUCT(--($E$65:$E$72<>""),--($D$65:$D$72="A"),$O$65:$O$72),"")) | U64: =IF(COUNTIFS($E$65:$E$72,"<>",$D$65:$D$72,"A",U$65:U$72,"<>")=0,"",IFERROR(SUMPRODUCT(--($E$65:$E$72<>""),--($D$65:$D$72="A"),$O$65:$O$72,U$65:U$72)/SUMPRODUCT(--($E$65:$E$72<>""),--($D$65:$D$72="A"),$O$65:$O$72),"")) | V64: =IF(COUNTIFS($E$65:$E$72,"<>",$D$65:$D$72,"A",V$65:V$72,"<>")=0,"",IFERROR(SUMPRODUCT(--($E$65:$E$72<>""),--($D$65:$D$72="A"),$O$65:$O$72,V$65:V$72)/SUMPRODUCT(--($E$65:$E$72<>""),--($D$65:$D$72="A"),$O$65:$O$72),"")) | W64: =IF(COUNTIFS($E$65:$E$72,"<>",$D$65:$D$72,"A",W$65:W$72,"<>")=0,"",IFERROR(SUMPRODUCT(--($E$65:$E$72<>""),--($D$65:$D$72="A"),$O$65:$O$72,W$65:W$72)/SUMPRODUCT(--($E$65:$E$72<>""),--($D$65:$D$72="A"),$O$65:$O$72),"")) | X64: =IF(COUNTIFS($E$65:$E$72,"<>",$D$65:$D$72,"A",X$65:X$72,"<>")=0,"",IFERROR(SUMPRODUCT(--($E$65:$E$72<>""),--($D$65:$D$72="A"),$O$65:$O$72,X$65:X$72)/SUMPRODUCT(--($E$65:$E$72<>""),--($D$65:$D$72="A"),$O$65:$O$72),"")) | Y64: =IF(COUNTIFS($E$65:$E$72,"<>",$D$65:$D$72,"A",Y$65:Y$72,"<>")=0,"",IFERROR(SUMPRODUCT(--($E$65:$E$72<>""),--($D$65:$D$72="A"),$O$65:$O$72,Y$65:Y$72)/SUMPRODUCT(--($E$65:$E$72<>""),--($D$65:$D$72="A"),$O$65:$O$72),"")) | ... CO64: =IF(COUNTIFS($E$65:$E$72,"<>",$D$65:$D$72,"A",CO$65:CO$72,"<>")=0,"",IFERROR(SUMPRODUCT(--($E$65:$E$72<>""),--($D$65:$D$72="A"),$O$65:$O$72,CO$65:CO$72)/SUMPRODUCT(--($E$65:$E$72<>""),--($D$65:$D$72="A"),$O$65:$O$72),""))
A65: Activity | B65: 2.4.1 | C65: Supports Installation | D65: P | E65: A1190 | F65: 30 | G65: 30 | H65: 3 | I65: 46251.333 | J65: 46259.667 | M65: =IF(COUNT(R65:CO65)=0,"",SUM(R65:CO65)) -> 1 | O65: 100000 | P65: 1.7333333 | AV65: 0.55555556 | AW65: 0.44444444
D66: A | E66: A1190 | M66: =IF(COUNT(R66:CO66)=0,"",SUM(R66:CO66)) | N66: 0 | O66: =O65 -> 100000
A67: Activity | B67: 2.4.2 | C67: Rafter Truss | D67: P | E67: A1200 | F67: 31 | G67: 31 | H67: 3 | I67: 46260.333 | J67: 46302.667 | M67: =IF(COUNT(R67:CO67)=0,"",SUM(R67:CO67)) -> 1 | O67: 100000 | P67: 1.7333333 | AW67: 0.069767442 | AX67: 0.1627907 | AY67: 0.1627907 | AZ67: 0.1627907 | BA67: 0.1627907 | BB67: 0.1627907 | BC67: 0.11627907
D68: A | E68: A1200 | M68: =IF(COUNT(R68:CO68)=0,"",SUM(R68:CO68)) | N68: 0 | O68: =O67 -> 100000
A69: Activity | B69: 2.4.3 | C69: Purin | D69: P | E69: A1210 | F69: 32 | G69: 32 | H69: 3 | I69: 46303.333 | J69: 46323.667 | M69: =IF(COUNT(R69:CO69)=0,"",SUM(R69:CO69)) -> 1 | O69: 100000 | P69: 7.4666667 | BC69: 0.095238095 | BD69: 0.33333333 | BE69: 0.33333333 | BF69: 0.23809524
D70: A | E70: A1210 | M70: =IF(COUNT(R70:CO70)=0,"",SUM(R70:CO70)) | N70: 0 | O70: =O69 -> 100000
A71: Activity | B71: 2.4.4 | C71: Paint | D71: P | E71: A1220 | F71: 33 | G71: 33 | H71: 3 | I71: 46324.333 | J71: 46332.667 | M71: =IF(COUNT(R71:CO71)=0,"",SUM(R71:CO71)) -> 1 | O71: 100000 | P71: 7.4666667 | BF71: 0.22222222 | BG71: 0.77777778
D72: A | E72: A1220 | M72: =IF(COUNT(R72:CO72)=0,"",SUM(R72:CO72)) | N72: 0 | O72: =O71 -> 100000
A73: WBS | B73: 2.5 | C73: ห้องศาสนา | D73: P | F73: 34 | G73: 34 | H73: 2 | I73: 46303.333 | J73: 46330.667 | M73: =IF(COUNT(R73:CO73)=0,"",SUM(R73:CO73)) -> 1 | O73: =SUMIFS($O$74:$O$79,$A$74:$A$79,"Activity",$D$74:$D$79,"P") -> 300000 | R73: =IF(COUNTIFS($A$75:$A$80,"Activity",$D$75:$D$80,"P",R$75:R$80,"<>")=0,"",IFERROR(SUMPRODUCT(--($A$75:$A$80="Activity"),--($D$75:$D$80="P"),$O$75:$O$80,R$75:R$80)/SUMPRODUCT(--($A$75:$A$80="Activity"),--($D$75:$D$80="P"),$O$75:$O$80),"")) | S73: =IF(COUNTIFS($A$75:$A$80,"Activity",$D$75:$D$80,"P",S$75:S$80,"<>")=0,"",IFERROR(SUMPRODUCT(--($A$75:$A$80="Activity"),--($D$75:$D$80="P"),$O$75:$O$80,S$75:S$80)/SUMPRODUCT(--($A$75:$A$80="Activity"),--($D$75:$D$80="P"),$O$75:$O$80),"")) | T73: =IF(COUNTIFS($A$75:$A$80,"Activity",$D$75:$D$80,"P",T$75:T$80,"<>")=0,"",IFERROR(SUMPRODUCT(--($A$75:$A$80="Activity"),--($D$75:$D$80="P"),$O$75:$O$80,T$75:T$80)/SUMPRODUCT(--($A$75:$A$80="Activity"),--($D$75:$D$80="P"),$O$75:$O$80),"")) | U73: =IF(COUNTIFS($A$75:$A$80,"Activity",$D$75:$D$80,"P",U$75:U$80,"<>")=0,"",IFERROR(SUMPRODUCT(--($A$75:$A$80="Activity"),--($D$75:$D$80="P"),$O$75:$O$80,U$75:U$80)/SUMPRODUCT(--($A$75:$A$80="Activity"),--($D$75:$D$80="P"),$O$75:$O$80),"")) | V73: =IF(COUNTIFS($A$75:$A$80,"Activity",$D$75:$D$80,"P",V$75:V$80,"<>")=0,"",IFERROR(SUMPRODUCT(--($A$75:$A$80="Activity"),--($D$75:$D$80="P"),$O$75:$O$80,V$75:V$80)/SUMPRODUCT(--($A$75:$A$80="Activity"),--($D$75:$D$80="P"),$O$75:$O$80),"")) | W73: =IF(COUNTIFS($A$75:$A$80,"Activity",$D$75:$D$80,"P",W$75:W$80,"<>")=0,"",IFERROR(SUMPRODUCT(--($A$75:$A$80="Activity"),--($D$75:$D$80="P"),$O$75:$O$80,W$75:W$80)/SUMPRODUCT(--($A$75:$A$80="Activity"),--($D$75:$D$80="P"),$O$75:$O$80),"")) | X73: =IF(COUNTIFS($A$75:$A$80,"Activity",$D$75:$D$80,"P",X$75:X$80,"<>")=0,"",IFERROR(SUMPRODUCT(--($A$75:$A$80="Activity"),--($D$75:$D$80="P"),$O$75:$O$80,X$75:X$80)/SUMPRODUCT(--($A$75:$A$80="Activity"),--($D$75:$D$80="P"),$O$75:$O$80),"")) | Y73: =IF(COUNTIFS($A$75:$A$80,"Activity",$D$75:$D$80,"P",Y$75:Y$80,"<>")=0,"",IFERROR(SUMPRODUCT(--($A$75:$A$80="Activity"),--($D$75:$D$80="P"),$O$75:$O$80,Y$75:Y$80)/SUMPRODUCT(--($A$75:$A$80="Activity"),--($D$75:$D$80="P"),$O$75:$O$80),"")) | ... CO73: =IF(COUNTIFS($A$75:$A$80,"Activity",$D$75:$D$80,"P",CO$75:CO$80,"<>")=0,"",IFERROR(SUMPRODUCT(--($A$75:$A$80="Activity"),--($D$75:$D$80="P"),$O$75:$O$80,CO$75:CO$80)/SUMPRODUCT(--($A$75:$A$80="Activity"),--($D$75:$D$80="P"),$O$75:$O$80),""))
D74: A | M74: =IF(COUNT(R74:CO74)=0,"",SUM(R74:CO74)) | O74: =O73 -> 300000 | R74: =IF(COUNTIFS($E$75:$E$80,"<>",$D$75:$D$80,"A",R$75:R$80,"<>")=0,"",IFERROR(SUMPRODUCT(--($E$75:$E$80<>""),--($D$75:$D$80="A"),$O$75:$O$80,R$75:R$80)/SUMPRODUCT(--($E$75:$E$80<>""),--($D$75:$D$80="A"),$O$75:$O$80),"")) | S74: =IF(COUNTIFS($E$75:$E$80,"<>",$D$75:$D$80,"A",S$75:S$80,"<>")=0,"",IFERROR(SUMPRODUCT(--($E$75:$E$80<>""),--($D$75:$D$80="A"),$O$75:$O$80,S$75:S$80)/SUMPRODUCT(--($E$75:$E$80<>""),--($D$75:$D$80="A"),$O$75:$O$80),"")) | T74: =IF(COUNTIFS($E$75:$E$80,"<>",$D$75:$D$80,"A",T$75:T$80,"<>")=0,"",IFERROR(SUMPRODUCT(--($E$75:$E$80<>""),--($D$75:$D$80="A"),$O$75:$O$80,T$75:T$80)/SUMPRODUCT(--($E$75:$E$80<>""),--($D$75:$D$80="A"),$O$75:$O$80),"")) | U74: =IF(COUNTIFS($E$75:$E$80,"<>",$D$75:$D$80,"A",U$75:U$80,"<>")=0,"",IFERROR(SUMPRODUCT(--($E$75:$E$80<>""),--($D$75:$D$80="A"),$O$75:$O$80,U$75:U$80)/SUMPRODUCT(--($E$75:$E$80<>""),--($D$75:$D$80="A"),$O$75:$O$80),"")) | V74: =IF(COUNTIFS($E$75:$E$80,"<>",$D$75:$D$80,"A",V$75:V$80,"<>")=0,"",IFERROR(SUMPRODUCT(--($E$75:$E$80<>""),--($D$75:$D$80="A"),$O$75:$O$80,V$75:V$80)/SUMPRODUCT(--($E$75:$E$80<>""),--($D$75:$D$80="A"),$O$75:$O$80),"")) | W74: =IF(COUNTIFS($E$75:$E$80,"<>",$D$75:$D$80,"A",W$75:W$80,"<>")=0,"",IFERROR(SUMPRODUCT(--($E$75:$E$80<>""),--($D$75:$D$80="A"),$O$75:$O$80,W$75:W$80)/SUMPRODUCT(--($E$75:$E$80<>""),--($D$75:$D$80="A"),$O$75:$O$80),"")) | X74: =IF(COUNTIFS($E$75:$E$80,"<>",$D$75:$D$80,"A",X$75:X$80,"<>")=0,"",IFERROR(SUMPRODUCT(--($E$75:$E$80<>""),--($D$75:$D$80="A"),$O$75:$O$80,X$75:X$80)/SUMPRODUCT(--($E$75:$E$80<>""),--($D$75:$D$80="A"),$O$75:$O$80),"")) | Y74: =IF(COUNTIFS($E$75:$E$80,"<>",$D$75:$D$80,"A",Y$75:Y$80,"<>")=0,"",IFERROR(SUMPRODUCT(--($E$75:$E$80<>""),--($D$75:$D$80="A"),$O$75:$O$80,Y$75:Y$80)/SUMPRODUCT(--($E$75:$E$80<>""),--($D$75:$D$80="A"),$O$75:$O$80),"")) | ... CO74: =IF(COUNTIFS($E$75:$E$80,"<>",$D$75:$D$80,"A",CO$75:CO$80,"<>")=0,"",IFERROR(SUMPRODUCT(--($E$75:$E$80<>""),--($D$75:$D$80="A"),$O$75:$O$80,CO$75:CO$80)/SUMPRODUCT(--($E$75:$E$80<>""),--($D$75:$D$80="A"),$O$75:$O$80),""))
A75: Activity | B75: 2.5.1 | C75: Supports Installation | D75: P | E75: A1230 | F75: 35 | G75: 35 | H75: 3 | I75: 46303.333 | J75: 46309.667 | M75: =IF(COUNT(R75:CO75)=0,"",SUM(R75:CO75)) -> 1 | O75: 100000 | P75: 14.4 | BC75: 0.28571429 | BD75: 0.71428571
D76: A | E76: A1230 | M76: =IF(COUNT(R76:CO76)=0,"",SUM(R76:CO76)) | N76: 0 | O76: =O75 -> 100000
A77: Activity | B77: 2.5.2 | C77: Steel Columns | D77: P | E77: A1240 | F77: 36 | G77: 36 | H77: 3 | I77: 46310.333 | J77: 46316.667 | M77: =IF(COUNT(R77:CO77)=0,"",SUM(R77:CO77)) -> 1 | O77: 100000 | P77: 14.4 | BD77: 0.28571429 | BE77: 0.71428571
D78: A | E78: A1240 | M78: =IF(COUNT(R78:CO78)=0,"",SUM(R78:CO78)) | N78: 0 | O78: =O77 -> 100000
A79: Activity | B79: 2.5.3 | C79: Steel Roof Frame | D79: P | E79: A1250 | F79: 37 | G79: 37 | H79: 3 | I79: 46317.333 | J79: 46330.667 | M79: =IF(COUNT(R79:CO79)=0,"",SUM(R79:CO79)) -> 1 | O79: 100000 | P79: 14.4 | BE79: 0.14285714 | BF79: 0.5 | BG79: 0.35714286
D80: A | E80: A1250 | M80: =IF(COUNT(R80:CO80)=0,"",SUM(R80:CO80)) | N80: 0 | O80: =O79 -> 100000
A81: WBS | B81: 2.6 | C81: ห้องสนามหลวง | D81: P | F81: 38 | G81: 38 | H81: 2 | I81: 46331.333 | J81: 46358.667 | M81: =IF(COUNT(R81:CO81)=0,"",SUM(R81:CO81)) -> 1 | O81: =SUMIFS($O$82:$O$87,$A$82:$A$87,"Activity",$D$82:$D$87,"P") -> 300000 | R81: =IF(COUNTIFS($A$83:$A$88,"Activity",$D$83:$D$88,"P",R$83:R$88,"<>")=0,"",IFERROR(SUMPRODUCT(--($A$83:$A$88="Activity"),--($D$83:$D$88="P"),$O$83:$O$88,R$83:R$88)/SUMPRODUCT(--($A$83:$A$88="Activity"),--($D$83:$D$88="P"),$O$83:$O$88),"")) | S81: =IF(COUNTIFS($A$83:$A$88,"Activity",$D$83:$D$88,"P",S$83:S$88,"<>")=0,"",IFERROR(SUMPRODUCT(--($A$83:$A$88="Activity"),--($D$83:$D$88="P"),$O$83:$O$88,S$83:S$88)/SUMPRODUCT(--($A$83:$A$88="Activity"),--($D$83:$D$88="P"),$O$83:$O$88),"")) | T81: =IF(COUNTIFS($A$83:$A$88,"Activity",$D$83:$D$88,"P",T$83:T$88,"<>")=0,"",IFERROR(SUMPRODUCT(--($A$83:$A$88="Activity"),--($D$83:$D$88="P"),$O$83:$O$88,T$83:T$88)/SUMPRODUCT(--($A$83:$A$88="Activity"),--($D$83:$D$88="P"),$O$83:$O$88),"")) | U81: =IF(COUNTIFS($A$83:$A$88,"Activity",$D$83:$D$88,"P",U$83:U$88,"<>")=0,"",IFERROR(SUMPRODUCT(--($A$83:$A$88="Activity"),--($D$83:$D$88="P"),$O$83:$O$88,U$83:U$88)/SUMPRODUCT(--($A$83:$A$88="Activity"),--($D$83:$D$88="P"),$O$83:$O$88),"")) | V81: =IF(COUNTIFS($A$83:$A$88,"Activity",$D$83:$D$88,"P",V$83:V$88,"<>")=0,"",IFERROR(SUMPRODUCT(--($A$83:$A$88="Activity"),--($D$83:$D$88="P"),$O$83:$O$88,V$83:V$88)/SUMPRODUCT(--($A$83:$A$88="Activity"),--($D$83:$D$88="P"),$O$83:$O$88),"")) | W81: =IF(COUNTIFS($A$83:$A$88,"Activity",$D$83:$D$88,"P",W$83:W$88,"<>")=0,"",IFERROR(SUMPRODUCT(--($A$83:$A$88="Activity"),--($D$83:$D$88="P"),$O$83:$O$88,W$83:W$88)/SUMPRODUCT(--($A$83:$A$88="Activity"),--($D$83:$D$88="P"),$O$83:$O$88),"")) | X81: =IF(COUNTIFS($A$83:$A$88,"Activity",$D$83:$D$88,"P",X$83:X$88,"<>")=0,"",IFERROR(SUMPRODUCT(--($A$83:$A$88="Activity"),--($D$83:$D$88="P"),$O$83:$O$88,X$83:X$88)/SUMPRODUCT(--($A$83:$A$88="Activity"),--($D$83:$D$88="P"),$O$83:$O$88),"")) | Y81: =IF(COUNTIFS($A$83:$A$88,"Activity",$D$83:$D$88,"P",Y$83:Y$88,"<>")=0,"",IFERROR(SUMPRODUCT(--($A$83:$A$88="Activity"),--($D$83:$D$88="P"),$O$83:$O$88,Y$83:Y$88)/SUMPRODUCT(--($A$83:$A$88="Activity"),--($D$83:$D$88="P"),$O$83:$O$88),"")) | ... CO81: =IF(COUNTIFS($A$83:$A$88,"Activity",$D$83:$D$88,"P",CO$83:CO$88,"<>")=0,"",IFERROR(SUMPRODUCT(--($A$83:$A$88="Activity"),--($D$83:$D$88="P"),$O$83:$O$88,CO$83:CO$88)/SUMPRODUCT(--($A$83:$A$88="Activity"),--($D$83:$D$88="P"),$O$83:$O$88),""))
D82: A | M82: =IF(COUNT(R82:CO82)=0,"",SUM(R82:CO82)) | O82: =O81 -> 300000 | R82: =IF(COUNTIFS($E$83:$E$88,"<>",$D$83:$D$88,"A",R$83:R$88,"<>")=0,"",IFERROR(SUMPRODUCT(--($E$83:$E$88<>""),--($D$83:$D$88="A"),$O$83:$O$88,R$83:R$88)/SUMPRODUCT(--($E$83:$E$88<>""),--($D$83:$D$88="A"),$O$83:$O$88),"")) | S82: =IF(COUNTIFS($E$83:$E$88,"<>",$D$83:$D$88,"A",S$83:S$88,"<>")=0,"",IFERROR(SUMPRODUCT(--($E$83:$E$88<>""),--($D$83:$D$88="A"),$O$83:$O$88,S$83:S$88)/SUMPRODUCT(--($E$83:$E$88<>""),--($D$83:$D$88="A"),$O$83:$O$88),"")) | T82: =IF(COUNTIFS($E$83:$E$88,"<>",$D$83:$D$88,"A",T$83:T$88,"<>")=0,"",IFERROR(SUMPRODUCT(--($E$83:$E$88<>""),--($D$83:$D$88="A"),$O$83:$O$88,T$83:T$88)/SUMPRODUCT(--($E$83:$E$88<>""),--($D$83:$D$88="A"),$O$83:$O$88),"")) | U82: =IF(COUNTIFS($E$83:$E$88,"<>",$D$83:$D$88,"A",U$83:U$88,"<>")=0,"",IFERROR(SUMPRODUCT(--($E$83:$E$88<>""),--($D$83:$D$88="A"),$O$83:$O$88,U$83:U$88)/SUMPRODUCT(--($E$83:$E$88<>""),--($D$83:$D$88="A"),$O$83:$O$88),"")) | V82: =IF(COUNTIFS($E$83:$E$88,"<>",$D$83:$D$88,"A",V$83:V$88,"<>")=0,"",IFERROR(SUMPRODUCT(--($E$83:$E$88<>""),--($D$83:$D$88="A"),$O$83:$O$88,V$83:V$88)/SUMPRODUCT(--($E$83:$E$88<>""),--($D$83:$D$88="A"),$O$83:$O$88),"")) | W82: =IF(COUNTIFS($E$83:$E$88,"<>",$D$83:$D$88,"A",W$83:W$88,"<>")=0,"",IFERROR(SUMPRODUCT(--($E$83:$E$88<>""),--($D$83:$D$88="A"),$O$83:$O$88,W$83:W$88)/SUMPRODUCT(--($E$83:$E$88<>""),--($D$83:$D$88="A"),$O$83:$O$88),"")) | X82: =IF(COUNTIFS($E$83:$E$88,"<>",$D$83:$D$88,"A",X$83:X$88,"<>")=0,"",IFERROR(SUMPRODUCT(--($E$83:$E$88<>""),--($D$83:$D$88="A"),$O$83:$O$88,X$83:X$88)/SUMPRODUCT(--($E$83:$E$88<>""),--($D$83:$D$88="A"),$O$83:$O$88),"")) | Y82: =IF(COUNTIFS($E$83:$E$88,"<>",$D$83:$D$88,"A",Y$83:Y$88,"<>")=0,"",IFERROR(SUMPRODUCT(--($E$83:$E$88<>""),--($D$83:$D$88="A"),$O$83:$O$88,Y$83:Y$88)/SUMPRODUCT(--($E$83:$E$88<>""),--($D$83:$D$88="A"),$O$83:$O$88),"")) | ... CO82: =IF(COUNTIFS($E$83:$E$88,"<>",$D$83:$D$88,"A",CO$83:CO$88,"<>")=0,"",IFERROR(SUMPRODUCT(--($E$83:$E$88<>""),--($D$83:$D$88="A"),$O$83:$O$88,CO$83:CO$88)/SUMPRODUCT(--($E$83:$E$88<>""),--($D$83:$D$88="A"),$O$83:$O$88),""))
A83: Activity | B83: 2.6.1 | C83: Supports Installation | D83: P | E83: A1260 | F83: 39 | G83: 39 | H83: 3 | I83: 46331.333 | J83: 46337.667 | M83: =IF(COUNT(R83:CO83)=0,"",SUM(R83:CO83)) -> 1 | O83: 100000 | P83: 14.4 | BG83: 0.28571429 | BH83: 0.71428571
D84: A | E84: A1260 | M84: =IF(COUNT(R84:CO84)=0,"",SUM(R84:CO84)) | N84: 0 | O84: =O83 -> 100000
A85: Activity | B85: 2.6.2 | C85: Steel Columns | D85: P | E85: A1270 | F85: 40 | G85: 40 | H85: 3 | I85: 46338.333 | J85: 46344.667 | M85: =IF(COUNT(R85:CO85)=0,"",SUM(R85:CO85)) -> 1 | O85: 100000 | P85: 14.4 | BH85: 0.28571429 | BI85: 0.71428571
D86: A | E86: A1270 | M86: =IF(COUNT(R86:CO86)=0,"",SUM(R86:CO86)) | N86: 0 | O86: =O85 -> 100000
A87: Activity | B87: 2.6.3 | C87: Steel Roof Frame | D87: P | E87: A1280 | F87: 41 | G87: 41 | H87: 3 | I87: 46345.333 | J87: 46358.667 | M87: =IF(COUNT(R87:CO87)=0,"",SUM(R87:CO87)) -> 1 | O87: 100000 | P87: 14.4 | BI87: 0.14285714 | BJ87: 0.5 | BK87: 0.35714286
D88: A | E88: A1280 | M88: =IF(COUNT(R88:CO88)=0,"",SUM(R88:CO88)) | N88: 0 | O88: =O87 -> 100000
A89: WBS | B89: 2.7 | C89: ส่วนต่อขยายชั้น 2 | D89: P | F89: 42 | G89: 42 | H89: 2 | I89: 46359.333 | J89: 46386.667 | M89: =IF(COUNT(R89:CO89)=0,"",SUM(R89:CO89)) -> 1 | O89: =SUMIFS($O$90:$O$95,$A$90:$A$95,"Activity",$D$90:$D$95,"P") -> 300000 | R89: =IF(COUNTIFS($A$91:$A$96,"Activity",$D$91:$D$96,"P",R$91:R$96,"<>")=0,"",IFERROR(SUMPRODUCT(--($A$91:$A$96="Activity"),--($D$91:$D$96="P"),$O$91:$O$96,R$91:R$96)/SUMPRODUCT(--($A$91:$A$96="Activity"),--($D$91:$D$96="P"),$O$91:$O$96),"")) | S89: =IF(COUNTIFS($A$91:$A$96,"Activity",$D$91:$D$96,"P",S$91:S$96,"<>")=0,"",IFERROR(SUMPRODUCT(--($A$91:$A$96="Activity"),--($D$91:$D$96="P"),$O$91:$O$96,S$91:S$96)/SUMPRODUCT(--($A$91:$A$96="Activity"),--($D$91:$D$96="P"),$O$91:$O$96),"")) | T89: =IF(COUNTIFS($A$91:$A$96,"Activity",$D$91:$D$96,"P",T$91:T$96,"<>")=0,"",IFERROR(SUMPRODUCT(--($A$91:$A$96="Activity"),--($D$91:$D$96="P"),$O$91:$O$96,T$91:T$96)/SUMPRODUCT(--($A$91:$A$96="Activity"),--($D$91:$D$96="P"),$O$91:$O$96),"")) | U89: =IF(COUNTIFS($A$91:$A$96,"Activity",$D$91:$D$96,"P",U$91:U$96,"<>")=0,"",IFERROR(SUMPRODUCT(--($A$91:$A$96="Activity"),--($D$91:$D$96="P"),$O$91:$O$96,U$91:U$96)/SUMPRODUCT(--($A$91:$A$96="Activity"),--($D$91:$D$96="P"),$O$91:$O$96),"")) | V89: =IF(COUNTIFS($A$91:$A$96,"Activity",$D$91:$D$96,"P",V$91:V$96,"<>")=0,"",IFERROR(SUMPRODUCT(--($A$91:$A$96="Activity"),--($D$91:$D$96="P"),$O$91:$O$96,V$91:V$96)/SUMPRODUCT(--($A$91:$A$96="Activity"),--($D$91:$D$96="P"),$O$91:$O$96),"")) | W89: =IF(COUNTIFS($A$91:$A$96,"Activity",$D$91:$D$96,"P",W$91:W$96,"<>")=0,"",IFERROR(SUMPRODUCT(--($A$91:$A$96="Activity"),--($D$91:$D$96="P"),$O$91:$O$96,W$91:W$96)/SUMPRODUCT(--($A$91:$A$96="Activity"),--($D$91:$D$96="P"),$O$91:$O$96),"")) | X89: =IF(COUNTIFS($A$91:$A$96,"Activity",$D$91:$D$96,"P",X$91:X$96,"<>")=0,"",IFERROR(SUMPRODUCT(--($A$91:$A$96="Activity"),--($D$91:$D$96="P"),$O$91:$O$96,X$91:X$96)/SUMPRODUCT(--($A$91:$A$96="Activity"),--($D$91:$D$96="P"),$O$91:$O$96),"")) | Y89: =IF(COUNTIFS($A$91:$A$96,"Activity",$D$91:$D$96,"P",Y$91:Y$96,"<>")=0,"",IFERROR(SUMPRODUCT(--($A$91:$A$96="Activity"),--($D$91:$D$96="P"),$O$91:$O$96,Y$91:Y$96)/SUMPRODUCT(--($A$91:$A$96="Activity"),--($D$91:$D$96="P"),$O$91:$O$96),"")) | ... CO89: =IF(COUNTIFS($A$91:$A$96,"Activity",$D$91:$D$96,"P",CO$91:CO$96,"<>")=0,"",IFERROR(SUMPRODUCT(--($A$91:$A$96="Activity"),--($D$91:$D$96="P"),$O$91:$O$96,CO$91:CO$96)/SUMPRODUCT(--($A$91:$A$96="Activity"),--($D$91:$D$96="P"),$O$91:$O$96),""))
D90: A | M90: =IF(COUNT(R90:CO90)=0,"",SUM(R90:CO90)) | O90: =O89 -> 300000 | R90: =IF(COUNTIFS($E$91:$E$96,"<>",$D$91:$D$96,"A",R$91:R$96,"<>")=0,"",IFERROR(SUMPRODUCT(--($E$91:$E$96<>""),--($D$91:$D$96="A"),$O$91:$O$96,R$91:R$96)/SUMPRODUCT(--($E$91:$E$96<>""),--($D$91:$D$96="A"),$O$91:$O$96),"")) | S90: =IF(COUNTIFS($E$91:$E$96,"<>",$D$91:$D$96,"A",S$91:S$96,"<>")=0,"",IFERROR(SUMPRODUCT(--($E$91:$E$96<>""),--($D$91:$D$96="A"),$O$91:$O$96,S$91:S$96)/SUMPRODUCT(--($E$91:$E$96<>""),--($D$91:$D$96="A"),$O$91:$O$96),"")) | T90: =IF(COUNTIFS($E$91:$E$96,"<>",$D$91:$D$96,"A",T$91:T$96,"<>")=0,"",IFERROR(SUMPRODUCT(--($E$91:$E$96<>""),--($D$91:$D$96="A"),$O$91:$O$96,T$91:T$96)/SUMPRODUCT(--($E$91:$E$96<>""),--($D$91:$D$96="A"),$O$91:$O$96),"")) | U90: =IF(COUNTIFS($E$91:$E$96,"<>",$D$91:$D$96,"A",U$91:U$96,"<>")=0,"",IFERROR(SUMPRODUCT(--($E$91:$E$96<>""),--($D$91:$D$96="A"),$O$91:$O$96,U$91:U$96)/SUMPRODUCT(--($E$91:$E$96<>""),--($D$91:$D$96="A"),$O$91:$O$96),"")) | V90: =IF(COUNTIFS($E$91:$E$96,"<>",$D$91:$D$96,"A",V$91:V$96,"<>")=0,"",IFERROR(SUMPRODUCT(--($E$91:$E$96<>""),--($D$91:$D$96="A"),$O$91:$O$96,V$91:V$96)/SUMPRODUCT(--($E$91:$E$96<>""),--($D$91:$D$96="A"),$O$91:$O$96),"")) | W90: =IF(COUNTIFS($E$91:$E$96,"<>",$D$91:$D$96,"A",W$91:W$96,"<>")=0,"",IFERROR(SUMPRODUCT(--($E$91:$E$96<>""),--($D$91:$D$96="A"),$O$91:$O$96,W$91:W$96)/SUMPRODUCT(--($E$91:$E$96<>""),--($D$91:$D$96="A"),$O$91:$O$96),"")) | X90: =IF(COUNTIFS($E$91:$E$96,"<>",$D$91:$D$96,"A",X$91:X$96,"<>")=0,"",IFERROR(SUMPRODUCT(--($E$91:$E$96<>""),--($D$91:$D$96="A"),$O$91:$O$96,X$91:X$96)/SUMPRODUCT(--($E$91:$E$96<>""),--($D$91:$D$96="A"),$O$91:$O$96),"")) | Y90: =IF(COUNTIFS($E$91:$E$96,"<>",$D$91:$D$96,"A",Y$91:Y$96,"<>")=0,"",IFERROR(SUMPRODUCT(--($E$91:$E$96<>""),--($D$91:$D$96="A"),$O$91:$O$96,Y$91:Y$96)/SUMPRODUCT(--($E$91:$E$96<>""),--($D$91:$D$96="A"),$O$91:$O$96),"")) | ... CO90: =IF(COUNTIFS($E$91:$E$96,"<>",$D$91:$D$96,"A",CO$91:CO$96,"<>")=0,"",IFERROR(SUMPRODUCT(--($E$91:$E$96<>""),--($D$91:$D$96="A"),$O$91:$O$96,CO$91:CO$96)/SUMPRODUCT(--($E$91:$E$96<>""),--($D$91:$D$96="A"),$O$91:$O$96),""))
A91: Activity | B91: 2.7.1 | C91: Supports Installation | D91: P | E91: A1290 | F91: 43 | G91: 43 | H91: 3 | I91: 46359.333 | J91: 46365.667 | M91: =IF(COUNT(R91:CO91)=0,"",SUM(R91:CO91)) -> 1 | O91: 100000 | P91: 14.4 | BK91: 0.28571429 | BL91: 0.71428571
D92: A | E92: A1290 | M92: =IF(COUNT(R92:CO92)=0,"",SUM(R92:CO92)) | N92: 0 | O92: =O91 -> 100000
A93: Activity | B93: 2.7.2 | C93: Built-up Frame&Slab | D93: P | E93: A1300 | F93: 44 | G93: 44 | H93: 3 | I93: 46366.333 | J93: 46379.667 | M93: =IF(COUNT(R93:CO93)=0,"",SUM(R93:CO93)) -> 1 | O93: 100000 | P93: 14.4 | BL93: 0.083239764 | BM93: 0.70866083 | BN93: 0.20809941
D94: A | E94: A1300 | M94: =IF(COUNT(R94:CO94)=0,"",SUM(R94:CO94)) | N94: 0 | O94: =O93 -> 100000
A95: Activity | B95: 2.7.3 | C95: Concrete Top | D95: P | E95: A1310 | F95: 45 | G95: 45 | H95: 3 | I95: 46380.333 | J95: 46386.667 | M95: =IF(COUNT(R95:CO95)=0,"",SUM(R95:CO95)) -> 1 | O95: 100000 | P95: 14.4 | BN95: 0.28571429 | BO95: 0.71428571
D96: A | E96: A1310 | M96: =IF(COUNT(R96:CO96)=0,"",SUM(R96:CO96)) | N96: 0 | O96: =O95 -> 100000
A97: WBS | B97: 2.8 | C97: Mezzanine | D97: P | F97: 46 | G97: 46 | H97: 2 | I97: 46303.333 | J97: 46386.667 | M97: =IF(COUNT(R97:CO97)=0,"",SUM(R97:CO97)) -> 1 | O97: =SUMIFS($O$98:$O$105,$A$98:$A$105,"Activity",$D$98:$D$105,"P") -> 400000 | R97: =IF(COUNTIFS($A$99:$A$106,"Activity",$D$99:$D$106,"P",R$99:R$106,"<>")=0,"",IFERROR(SUMPRODUCT(--($A$99:$A$106="Activity"),--($D$99:$D$106="P"),$O$99:$O$106,R$99:R$106)/SUMPRODUCT(--($A$99:$A$106="Activity"),--($D$99:$D$106="P"),$O$99:$O$106),"")) | S97: =IF(COUNTIFS($A$99:$A$106,"Activity",$D$99:$D$106,"P",S$99:S$106,"<>")=0,"",IFERROR(SUMPRODUCT(--($A$99:$A$106="Activity"),--($D$99:$D$106="P"),$O$99:$O$106,S$99:S$106)/SUMPRODUCT(--($A$99:$A$106="Activity"),--($D$99:$D$106="P"),$O$99:$O$106),"")) | T97: =IF(COUNTIFS($A$99:$A$106,"Activity",$D$99:$D$106,"P",T$99:T$106,"<>")=0,"",IFERROR(SUMPRODUCT(--($A$99:$A$106="Activity"),--($D$99:$D$106="P"),$O$99:$O$106,T$99:T$106)/SUMPRODUCT(--($A$99:$A$106="Activity"),--($D$99:$D$106="P"),$O$99:$O$106),"")) | U97: =IF(COUNTIFS($A$99:$A$106,"Activity",$D$99:$D$106,"P",U$99:U$106,"<>")=0,"",IFERROR(SUMPRODUCT(--($A$99:$A$106="Activity"),--($D$99:$D$106="P"),$O$99:$O$106,U$99:U$106)/SUMPRODUCT(--($A$99:$A$106="Activity"),--($D$99:$D$106="P"),$O$99:$O$106),"")) | V97: =IF(COUNTIFS($A$99:$A$106,"Activity",$D$99:$D$106,"P",V$99:V$106,"<>")=0,"",IFERROR(SUMPRODUCT(--($A$99:$A$106="Activity"),--($D$99:$D$106="P"),$O$99:$O$106,V$99:V$106)/SUMPRODUCT(--($A$99:$A$106="Activity"),--($D$99:$D$106="P"),$O$99:$O$106),"")) | W97: =IF(COUNTIFS($A$99:$A$106,"Activity",$D$99:$D$106,"P",W$99:W$106,"<>")=0,"",IFERROR(SUMPRODUCT(--($A$99:$A$106="Activity"),--($D$99:$D$106="P"),$O$99:$O$106,W$99:W$106)/SUMPRODUCT(--($A$99:$A$106="Activity"),--($D$99:$D$106="P"),$O$99:$O$106),"")) | X97: =IF(COUNTIFS($A$99:$A$106,"Activity",$D$99:$D$106,"P",X$99:X$106,"<>")=0,"",IFERROR(SUMPRODUCT(--($A$99:$A$106="Activity"),--($D$99:$D$106="P"),$O$99:$O$106,X$99:X$106)/SUMPRODUCT(--($A$99:$A$106="Activity"),--($D$99:$D$106="P"),$O$99:$O$106),"")) | Y97: =IF(COUNTIFS($A$99:$A$106,"Activity",$D$99:$D$106,"P",Y$99:Y$106,"<>")=0,"",IFERROR(SUMPRODUCT(--($A$99:$A$106="Activity"),--($D$99:$D$106="P"),$O$99:$O$106,Y$99:Y$106)/SUMPRODUCT(--($A$99:$A$106="Activity"),--($D$99:$D$106="P"),$O$99:$O$106),"")) | ... CO97: =IF(COUNTIFS($A$99:$A$106,"Activity",$D$99:$D$106,"P",CO$99:CO$106,"<>")=0,"",IFERROR(SUMPRODUCT(--($A$99:$A$106="Activity"),--($D$99:$D$106="P"),$O$99:$O$106,CO$99:CO$106)/SUMPRODUCT(--($A$99:$A$106="Activity"),--($D$99:$D$106="P"),$O$99:$O$106),""))
D98: A | M98: =IF(COUNT(R98:CO98)=0,"",SUM(R98:CO98)) | O98: =O97 -> 400000 | R98: =IF(COUNTIFS($E$99:$E$106,"<>",$D$99:$D$106,"A",R$99:R$106,"<>")=0,"",IFERROR(SUMPRODUCT(--($E$99:$E$106<>""),--($D$99:$D$106="A"),$O$99:$O$106,R$99:R$106)/SUMPRODUCT(--($E$99:$E$106<>""),--($D$99:$D$106="A"),$O$99:$O$106),"")) | S98: =IF(COUNTIFS($E$99:$E$106,"<>",$D$99:$D$106,"A",S$99:S$106,"<>")=0,"",IFERROR(SUMPRODUCT(--($E$99:$E$106<>""),--($D$99:$D$106="A"),$O$99:$O$106,S$99:S$106)/SUMPRODUCT(--($E$99:$E$106<>""),--($D$99:$D$106="A"),$O$99:$O$106),"")) | T98: =IF(COUNTIFS($E$99:$E$106,"<>",$D$99:$D$106,"A",T$99:T$106,"<>")=0,"",IFERROR(SUMPRODUCT(--($E$99:$E$106<>""),--($D$99:$D$106="A"),$O$99:$O$106,T$99:T$106)/SUMPRODUCT(--($E$99:$E$106<>""),--($D$99:$D$106="A"),$O$99:$O$106),"")) | U98: =IF(COUNTIFS($E$99:$E$106,"<>",$D$99:$D$106,"A",U$99:U$106,"<>")=0,"",IFERROR(SUMPRODUCT(--($E$99:$E$106<>""),--($D$99:$D$106="A"),$O$99:$O$106,U$99:U$106)/SUMPRODUCT(--($E$99:$E$106<>""),--($D$99:$D$106="A"),$O$99:$O$106),"")) | V98: =IF(COUNTIFS($E$99:$E$106,"<>",$D$99:$D$106,"A",V$99:V$106,"<>")=0,"",IFERROR(SUMPRODUCT(--($E$99:$E$106<>""),--($D$99:$D$106="A"),$O$99:$O$106,V$99:V$106)/SUMPRODUCT(--($E$99:$E$106<>""),--($D$99:$D$106="A"),$O$99:$O$106),"")) | W98: =IF(COUNTIFS($E$99:$E$106,"<>",$D$99:$D$106,"A",W$99:W$106,"<>")=0,"",IFERROR(SUMPRODUCT(--($E$99:$E$106<>""),--($D$99:$D$106="A"),$O$99:$O$106,W$99:W$106)/SUMPRODUCT(--($E$99:$E$106<>""),--($D$99:$D$106="A"),$O$99:$O$106),"")) | X98: =IF(COUNTIFS($E$99:$E$106,"<>",$D$99:$D$106,"A",X$99:X$106,"<>")=0,"",IFERROR(SUMPRODUCT(--($E$99:$E$106<>""),--($D$99:$D$106="A"),$O$99:$O$106,X$99:X$106)/SUMPRODUCT(--($E$99:$E$106<>""),--($D$99:$D$106="A"),$O$99:$O$106),"")) | Y98: =IF(COUNTIFS($E$99:$E$106,"<>",$D$99:$D$106,"A",Y$99:Y$106,"<>")=0,"",IFERROR(SUMPRODUCT(--($E$99:$E$106<>""),--($D$99:$D$106="A"),$O$99:$O$106,Y$99:Y$106)/SUMPRODUCT(--($E$99:$E$106<>""),--($D$99:$D$106="A"),$O$99:$O$106),"")) | ... CO98: =IF(COUNTIFS($E$99:$E$106,"<>",$D$99:$D$106,"A",CO$99:CO$106,"<>")=0,"",IFERROR(SUMPRODUCT(--($E$99:$E$106<>""),--($D$99:$D$106="A"),$O$99:$O$106,CO$99:CO$106)/SUMPRODUCT(--($E$99:$E$106<>""),--($D$99:$D$106="A"),$O$99:$O$106),""))
A99: Activity | B99: 2.8.1 | C99: Supports Installation | D99: P | E99: A1320 | F99: 47 | G99: 47 | H99: 3 | I99: 46303.333 | J99: 46309.667 | M99: =IF(COUNT(R99:CO99)=0,"",SUM(R99:CO99)) -> 1 | O99: 100000 | P99: 1.7333333 | BC99: 0.28571429 | BD99: 0.71428571
D100: A | E100: A1320 | M100: =IF(COUNT(R100:CO100)=0,"",SUM(R100:CO100)) | N100: 0 | O100: =O99 -> 100000
...

Sheet Info
A1: Project | B1: NKC2
A2: Source | B2: C:\Users\Suzanoo\Dev\progress-studio\example\example.xml
A3: WBS / Summary Rows | B3: 82
A4: Activity Rows | B4: 172
A6: Plan Distribution Mode | B6: AUTO
A7: Distribution Report | B7: See sheet: Distribution Report
A8: Auto Default Applied | B8: 133
A10: Interactive Export | B10: READY
A11: OKD Sheets | B11: progress, progress_table
A12: OKD Activities | B12: 172
A13: OKD Weeks | B13: 76
A14: Value Scale | B14: Formula result 0-100 (not Excel %)
A15: OKD WBS Rollup | B15: Included
A16: Calculation | B16: Live formulas linked to main
A17: WBS Rows | B17: Plan and Actual created for every WBS/activity
A18: OKD Child Codes | B18: Generated under parent WBS

Sheet Timescale Info
A1: Setting | B1: Value
A2: Cutoff Day | B2: Friday
A3: Margin Before | B3: 4 Weeks
A4: Margin After | B4: 4 Weeks
A5: Earliest Plan Start | B5: 46076
A6: Latest Plan Finish | B6: 46538
A7: First Week | B7: 46045
A8: Last Week | B8: 46570
A9: Total Weeks | B9: 76
A10: Project Summary | B10: NKC2
A11: Header Levels | B11: Year / Month / Week / Date
A12: Amount Input Option 1 | B12: Enter Amount directly in the main worksheet and skip Script 04.
A13: Amount Input Option 2 | B13: Enter Amount in Amount Mapping and run Script 04.
A14: Mapping Activities | B14: 172

Sheet Amount Mapping
A1: Activity ID | B1: WBS | C1: Description | D1: Amount | E1: Status
C2: NKC2 | E2: Waiting
B3: 1 | C3: งานเตรียมงาน | E3: Waiting
B4: 1.1 | C4: Mobilization | E4: Waiting
A5: A1000 | B5: 1.1.1 | C5: Site Mobilization | D5: 100000 | E5: Mapped
B6: 1.2 | C6: งานรื้อถอน | E6: Waiting
A7: A1005 | B7: 1.2.1 | C7: Roof & Roof Floor | D7: 100000 | E7: Mapped
A8: A1010 | B8: 1.2.2 | C8: 3rd Floor | D8: 100000 | E8: Mapped
A9: A1020 | B9: 1.2.3 | C9: 2nd Floor | D9: 100000 | E9: Mapped
A10: A1030 | B10: 1.2.4 | C10: Mezzanine Floor | D10: 100000 | E10: Mapped
A11: A1040 | B11: 1.2.5 | C11: Ground Floor | D11: 100000 | E11: Mapped
A12: A1050 | B12: 1.2.6 | C12: External | D12: 100000 | E12: Mapped
B13: 1.3 | C13: งานซ่อมโครงสร้าง | E13: Waiting
A14: A1060 | B14: 1.3.1 | C14: Ground FL | D14: 100000 | E14: Mapped
A15: A1070 | B15: 1.3.2 | C15: 2nd FL | D15: 100000 | E15: Mapped
A16: A1080 | B16: 1.3.3 | C16: 3rd FL | D16: 100000 | E16: Mapped
A17: A1090 | B17: 1.3.4 | C17: Roof FL | D17: 100000 | E17: Mapped
B18: 2 | C18: Structure | E18: Waiting
B19: 2.1 | C19: Pilling Work | E19: Waiting
A20: A1100 | B20: 2.1.1 | C20: Bored Pile | D20: 100000 | E20: Mapped
B21: 2.2 | C21: Toilet & Pantry | E21: Waiting
A22: A1110 | B22: 2.2.1 | C22: Foundation | D22: 100000 | E22: Mapped
A23: A1120 | B23: 2.2.2 | C23: RC Beam & Slab for GL.Floor | D23: 100000 | E23: Mapped
A24: A1130 | B24: 2.2.3 | C24: Steel Column & Beam M to R | D24: 100000 | E24: Mapped
A25: A1140 | B25: 2.2.4 | C25: RC Slab M to R | D25: 100000 | E25: Mapped
B26: 2.3 | C26: Lift | E26: Waiting
A27: A1150 | B27: 2.3.1 | C27: Foundation | D27: 100000 | E27: Mapped
A28: A1160 | B28: 2.3.2 | C28: RC Beam & Slab for GL.Floor | D28: 100000 | E28: Mapped
A29: A1170 | B29: 2.3.3 | C29: Steel Column & Beam M to R | D29: 100000 | E29: Mapped
A30: A1180 | B30: 2.3.4 | C30: RC Slab M to R | D30: 100000 | E30: Mapped
B31: 2.4 | C31: Roof Str. | E31: Waiting
A32: A1190 | B32: 2.4.1 | C32: Supports Installation | D32: 100000 | E32: Mapped
A33: A1200 | B33: 2.4.2 | C33: Rafter Truss | D33: 100000 | E33: Mapped
A34: A1210 | B34: 2.4.3 | C34: Purin | D34: 100000 | E34: Mapped
A35: A1220 | B35: 2.4.4 | C35: Paint | D35: 100000 | E35: Mapped
B36: 2.5 | C36: ห้องศาสนา | E36: Waiting
A37: A1230 | B37: 2.5.1 | C37: Supports Installation | D37: 100000 | E37: Mapped
A38: A1240 | B38: 2.5.2 | C38: Steel Columns | D38: 100000 | E38: Mapped
A39: A1250 | B39: 2.5.3 | C39: Steel Roof Frame | D39: 100000 | E39: Mapped
B40: 2.6 | C40: ห้องสนามหลวง | E40: Waiting
A41: A1260 | B41: 2.6.1 | C41: Supports Installation | D41: 100000 | E41: Mapped
A42: A1270 | B42: 2.6.2 | C42: Steel Columns | D42: 100000 | E42: Mapped
A43: A1280 | B43: 2.6.3 | C43: Steel Roof Frame | D43: 100000 | E43: Mapped
B44: 2.7 | C44: ส่วนต่อขยายชั้น 2 | E44: Waiting
A45: A1290 | B45: 2.7.1 | C45: Supports Installation | D45: 100000 | E45: Mapped
A46: A1300 | B46: 2.7.2 | C46: Built-up Frame&Slab | D46: 100000 | E46: Mapped
A47: A1310 | B47: 2.7.3 | C47: Concrete Top | D47: 100000 | E47: Mapped
B48: 2.8 | C48: Mezzanine | E48: Waiting
A49: A1320 | B49: 2.8.1 | C49: Supports Installation | D49: 100000 | E49: Mapped
A50: A1330 | B50: 2.8.2 | C50: Columns | D50: 100000 | E50: Mapped
A51: A1340 | B51: 2.8.3 | C51: Built-up Frame&Slab | D51: 100000 | E51: Mapped
A52: A1350 | B52: 2.8.4 | C52: Concrete Top | D52: 100000 | E52: Mapped
B53: 2.9 | C53: Workshop room | E53: Waiting
A54: A1360 | B54: 2.9.1 | C54: Support Installation | D54: 100000 | E54: Mapped
A55: A1370 | B55: 2.9.2 | C55: Steel Column & Beam | D55: 100000 | E55: Mapped
A56: A1380 | B56: 2.9.3 | C56: Fiber Cement Slab | D56: 100000 | E56: Mapped
B57: 2.10 | C57: ST6 | E57: Waiting
A58: A1390 | B58: 2.10.1 | C58: Support Installation | D58: 100000 | E58: Mapped
A59: A1400 | B59: 2.10.2 | C59: Built-up Frame&Slab | D59: 100000 | E59: Mapped
A60: A1410 | B60: 2.10.3 | C60: Concrete Top | D60: 100000 | E60: Mapped
B61: 2.11 | C61: MEP Foundation | E61: Waiting
A62: A1420 | B62: 2.11.1 | C62: Pile Driven | D62: 100000 | E62: Mapped
A63: A1430 | B63: 2.11.2 | C63: WWT - Excavation&Concrete Work | D63: 100000 | E63: Mapped
A64: A1440 | B64: 2.11.3 | C64: WWWT - Excavation&Concrete Work | D64: 100000 | E64: Mapped
A65: A1450 | B65: 2.11.4 | C65: Grease Trap - Excavation&Concrete Work | D65: 100000 | E65: Mapped
A66: A1460 | B66: 2.11.5 | C66: EE Plateform - Concrete Work | D66: 100000 | E66: Mapped
B67: 2.12 | C67: Entrance | E67: Waiting
A68: A1470 | B68: 2.12.1 | C68: ทางเข้าบันไดหลัก 1 | D68: 100000 | E68: Mapped
A69: A1480 | B69: 2.12.2 | C69: ทางเข้าบันไดหลัก 2 | D69: 100000 | E69: Mapped
A70: A1490 | B70: 2.12.3 | C70: ทางเข้าบันไดรอง 1 | D70: 100000 | E70: Mapped
A71: A1500 | B71: 2.12.4 | C71: ทางเข้าบันไดรอง 2 | D71: 100000 | E71: Mapped
A72: A1510 | B72: 2.12.5 | C72: Entrance ST2 | D72: 100000 | E72: Mapped
A73: A1520 | B73: 2.12.6 | C73: Entrance ST4 | D73: 100000 | E73: Mapped
B74: 3 | C74: Architecture and MEP | E74: Waiting
B75: 3.1 | C75: งาน Riser | E75: Waiting
B76: 3.1.12 | C76: 1st to Roof | E76: Waiting
A77: A1530 | B77: 3.1.12.1 | C77: งานก่ออิฐช่องชาร์ปงานระบบประกอบอาคาร | D77: 100000 | E77: Mapped
A78: A1540 | B78: 3.1.12.2 | C78: Electrical and Communication Riser | D78: 100000 | E78: Mapped
A79: A1550 | B79: 3.1.12.3 | C79: Sanitary and Fire Protection Riser | D79: 100000 | E79: Mapped
A80: A1560 | B80: 3.1.12.4 | C80: Air Conditioning Riser | D80: 100000 | E80: Mapped
B81: 3.2 | C81: 1st Floor | E81: Waiting
B82: 3.2.1 | C82: Wall | Wall Fn. | E82: Waiting
A83: A1570 | B83: 3.2.1.1 | C83: งานก่ออิฐมวลเบา ฉาบเรียบ | D83: 100000 | E83: Mapped
A84: A1580 | B84: 3.2.1.2 | C84: งานกรุกระเบื้องโมเสค ผนังห้องน้ำ | D84: 100000 | E84: Mapped
A85: A1590 | B85: 3.2.1.3 | C85: งานแต่งเรียบผนังภายในเดิม | D85: 100000 | E85: Mapped
B86: 3.2.2 | C86: Ceiling | E86: Waiting
A87: A1600 | B87: 3.2.2.1 | C87: ฝ้าเหล็กรูปพรรณ สีน้ำมัน ใต้พื้นชั้นลอย | D87: 100000 | E87: Mapped
A88: A1610 | B88: 3.2.2.2 | C88: งานฝ้าห้องน้ำ | D88: 100000 | E88: Mapped
A89: A1620 | B89: 3.2.2.3 | C89: งานแต่งเรียบท้องพื้น ท้องคาน | D89: 100000 | E89: Mapped
B90: 3.2.3 | C90: Floor & Floor Fn. | E90: Waiting
A91: A1630 | B91: 3.2.3.1 | C91: งานพื้นขัดเรียบพื้นที่จัดหาผลประโยชน์ | D91: 100000 | E91: Mapped
A92: A1640 | B92: 3.2.3.2 | C92: งานพื้นหินขัด Lobby, Workshop rm. | D92: 100000 | E92: Mapped
A93: A1650 | B93: 3.2.3.3 | C93: งานพื้น Epoxy - Corridore, Lift Lobby, Office | D93: 100000 | E93: Mapped
A94: A1660 | B94: 3.2.3.4 | C94: งานปูหินแกรนิต ปูกระเบื้อง ห้องน้ำ | D94: 100000 | E94: Mapped
B95: 3.2.4 | C95: Doors & Windows | E95: Waiting
A96: A1670 | B96: 3.2.4.1 | C96: งานติดตั้งผนังกระจก และประตูกระจกอลูมิเนียม | D96: 100000 | E96: Mapped
B97: 3.2.5 | C97: MEP | E97: Waiting
A98: A1680 | B98: 3.2.5.1 | C98: First Fix Wall and Ceiling | D98: 100000 | E98: Mapped
A99: A1690 | B99: 3.2.5.2 | C99: งานติดอุปกรณ์ Second Fix | D99: 100000 | E99: Mapped
A100: A1700 | B100: 3.2.5.3 | C100: งานติดตั้ง MDB&EMDB | D100: 100000 | E100: Mapped
...

Sheet Distribution Report
A1: PLAN DISTRIBUTION REPORT
A3: Mode | B3: AUTO | D3: Flat Rate | E3: 133 | G3: Matched Rules | H3: 39
A4: Activities | B4: 172 | D4: Front Loaded | E4: 8 | G4: Default Applied | H4: 133
D5: Back Loaded | E5: 1
D6: Bell Curve | E6: 30
A7: Activity ID | B7: Activity Name | C7: WBS | D7: Plan Start | E7: Plan Finish | F7: Distribution | G7: Source | H7: Matched Rule | I7: Reason
A8: A1000 | B8: Site Mobilization | C8: 1.1.1 | D8: 46076 | E8: 46136 | F8: Front Loaded | G8: Activity Name | H8: mobiliz | I8: Early-production work identified from activity name
A9: A1005 | B9: Roof & Roof Floor | C9: 1.2.1 | D9: 46150 | E9: 46170 | F9: Flat Rate | G9: Default | I9: No matching rule; default distribution applied
A10: A1010 | B10: 3rd Floor | C10: 1.2.2 | D10: 46129 | E10: 46149 | F10: Flat Rate | G10: Default | I10: No matching rule; default distribution applied
A11: A1020 | B11: 2nd Floor | C11: 1.2.3 | D11: 46150 | E11: 46170 | F11: Flat Rate | G11: Default | I11: No matching rule; default distribution applied
A12: A1030 | B12: Mezzanine Floor | C12: 1.2.4 | D12: 46171 | E12: 46191 | F12: Flat Rate | G12: Default | I12: No matching rule; default distribution applied
A13: A1040 | B13: Ground Floor | C13: 1.2.5 | D13: 46192 | E13: 46219 | F13: Flat Rate | G13: Default | I13: No matching rule; default distribution applied
A14: A1050 | B14: External | C14: 1.2.6 | D14: 46220 | E14: 46247 | F14: Flat Rate | G14: Default | I14: No matching rule; default distribution applied
A15: A1060 | B15: Ground FL | C15: 1.3.1 | D15: 46220 | E15: 46233 | F15: Flat Rate | G15: Default | I15: No matching rule; default distribution applied
A16: A1070 | B16: 2nd FL | C16: 1.3.2 | D16: 46234 | E16: 46247 | F16: Flat Rate | G16: Default | I16: No matching rule; default distribution applied
A17: A1080 | B17: 3rd FL | C17: 1.3.3 | D17: 46248 | E17: 46261 | F17: Flat Rate | G17: Default | I17: No matching rule; default distribution applied
A18: A1090 | B18: Roof FL | C18: 1.3.4 | D18: 46262 | E18: 46268 | F18: Flat Rate | G18: Default | I18: No matching rule; default distribution applied
A19: A1100 | B19: Bored Pile | C19: 2.1.1 | D19: 46230 | E19: 46255 | F19: Front Loaded | G19: Activity Name | H19: pile | I19: Early-production work identified from activity name
A20: A1110 | B20: Foundation | C20: 2.2.1 | D20: 46258 | E20: 46276 | F20: Front Loaded | G20: Activity Name | H20: foundation | I20: Early-production work identified from activity name
A21: A1120 | B21: RC Beam & Slab for GL.Floor | C21: 2.2.2 | D21: 46279 | E21: 46290 | F21: Bell Curve | G21: Activity Name | H21: slab | I21: Production work identified from activity name
A22: A1130 | B22: Steel Column & Beam M to R | C22: 2.2.3 | D22: 46293 | E22: 46311 | F22: Bell Curve | G22: Activity Name | H22: beam | I22: Production work identified from activity name
A23: A1140 | B23: RC Slab M to R | C23: 2.2.4 | D23: 46314 | E23: 46332 | F23: Bell Curve | G23: Activity Name | H23: slab | I23: Production work identified from activity name
A24: A1150 | B24: Foundation | C24: 2.3.1 | D24: 46279 | E24: 46287 | F24: Front Loaded | G24: Activity Name | H24: foundation | I24: Early-production work identified from activity name
A25: A1160 | B25: RC Beam & Slab for GL.Floor | C25: 2.3.2 | D25: 46288 | E25: 46296 | F25: Bell Curve | G25: Activity Name | H25: slab | I25: Production work identified from activity name
A26: A1170 | B26: Steel Column & Beam M to R | C26: 2.3.3 | D26: 46297 | E26: 46310 | F26: Bell Curve | G26: Activity Name | H26: beam | I26: Production work identified from activity name
A27: A1180 | B27: RC Slab M to R | C27: 2.3.4 | D27: 46311 | E27: 46324 | F27: Bell Curve | G27: Activity Name | H27: slab | I27: Production work identified from activity name
A28: A1190 | B28: Supports Installation | C28: 2.4.1 | D28: 46251 | E28: 46259 | F28: Bell Curve | G28: Activity Name | H28: installation | I28: Production work identified from activity name
A29: A1200 | B29: Rafter Truss | C29: 2.4.2 | D29: 46260 | E29: 46302 | F29: Flat Rate | G29: Default | I29: No matching rule; default distribution applied
A30: A1210 | B30: Purin | C30: 2.4.3 | D30: 46303 | E30: 46323 | F30: Flat Rate | G30: Default | I30: No matching rule; default distribution applied
A31: A1220 | B31: Paint | C31: 2.4.4 | D31: 46324 | E31: 46332 | F31: Flat Rate | G31: Default | I31: No matching rule; default distribution applied
A32: A1230 | B32: Supports Installation | C32: 2.5.1 | D32: 46303 | E32: 46309 | F32: Bell Curve | G32: Activity Name | H32: installation | I32: Production work identified from activity name
A33: A1240 | B33: Steel Columns | C33: 2.5.2 | D33: 46310 | E33: 46316 | F33: Bell Curve | G33: Activity Name | H33: column | I33: Production work identified from activity name
A34: A1250 | B34: Steel Roof Frame | C34: 2.5.3 | D34: 46317 | E34: 46330 | F34: Flat Rate | G34: Default | I34: No matching rule; default distribution applied
A35: A1260 | B35: Supports Installation | C35: 2.6.1 | D35: 46331 | E35: 46337 | F35: Bell Curve | G35: Activity Name | H35: installation | I35: Production work identified from activity name
A36: A1270 | B36: Steel Columns | C36: 2.6.2 | D36: 46338 | E36: 46344 | F36: Bell Curve | G36: Activity Name | H36: column | I36: Production work identified from activity name
A37: A1280 | B37: Steel Roof Frame | C37: 2.6.3 | D37: 46345 | E37: 46358 | F37: Flat Rate | G37: Default | I37: No matching rule; default distribution applied
A38: A1290 | B38: Supports Installation | C38: 2.7.1 | D38: 46359 | E38: 46365 | F38: Bell Curve | G38: Activity Name | H38: installation | I38: Production work identified from activity name
A39: A1300 | B39: Built-up Frame&Slab | C39: 2.7.2 | D39: 46366 | E39: 46379 | F39: Bell Curve | G39: Activity Name | H39: slab | I39: Production work identified from activity name
A40: A1310 | B40: Concrete Top | C40: 2.7.3 | D40: 46380 | E40: 46386 | F40: Bell Curve | G40: Activity Name | H40: concrete | I40: Production work identified from activity name
A41: A1320 | B41: Supports Installation | C41: 2.8.1 | D41: 46303 | E41: 46309 | F41: Bell Curve | G41: Activity Name | H41: installation | I41: Production work identified from activity name
A42: A1330 | B42: Columns | C42: 2.8.2 | D42: 46310 | E42: 46323 | F42: Bell Curve | G42: Activity Name | H42: column | I42: Production work identified from activity name
A43: A1340 | B43: Built-up Frame&Slab | C43: 2.8.3 | D43: 46324 | E43: 46379 | F43: Bell Curve | G43: Activity Name | H43: slab | I43: Production work identified from activity name
A44: A1350 | B44: Concrete Top | C44: 2.8.4 | D44: 46380 | E44: 46386 | F44: Bell Curve | G44: Activity Name | H44: concrete | I44: Production work identified from activity name
A45: A1360 | B45: Support Installation | C45: 2.9.1 | D45: 46387 | E45: 46393 | F45: Bell Curve | G45: Activity Name | H45: installation | I45: Production work identified from activity name
A46: A1370 | B46: Steel Column & Beam | C46: 2.9.2 | D46: 46394 | E46: 46400 | F46: Bell Curve | G46: Activity Name | H46: beam | I46: Production work identified from activity name
A47: A1380 | B47: Fiber Cement Slab | C47: 2.9.3 | D47: 46401 | E47: 46407 | F47: Bell Curve | G47: Activity Name | H47: slab | I47: Production work identified from activity name
A48: A1390 | B48: Support Installation | C48: 2.10.1 | D48: 46408 | E48: 46414 | F48: Bell Curve | G48: Activity Name | H48: installation | I48: Production work identified from activity name
A49: A1400 | B49: Built-up Frame&Slab | C49: 2.10.2 | D49: 46415 | E49: 46428 | F49: Bell Curve | G49: Activity Name | H49: slab | I49: Production work identified from activity name
... A55: A1460 | B55: EE Plateform - Concrete Work | C55: 2.11.5 | D55: 46365 | E55: 46373 | F55: Bell Curve | G55: Activity Name | H55: concrete | I55: Production work identified from activity name
A56: A1470 | B56: ทางเข้าบันไดหลัก 1 | C56: 2.12.1 | D56: 46374 | E56: 46385 | F56: Flat Rate | G56: Default | I56: No matching rule; default distribution applied
A57: A1480 | B57: ทางเข้าบันไดหลัก 2 | C57: 2.12.2 | D57: 46386 | E57: 46394 | F57: Flat Rate | G57: Default | I57: No matching rule; default distribution applied
A58: A1490 | B58: ทางเข้าบันไดรอง 1 | C58: 2.12.3 | D58: 46395 | E58: 46408 | F58: Flat Rate | G58: Default | I58: No matching rule; default distribution applied
A59: A1500 | B59: ทางเข้าบันไดรอง 2 | C59: 2.12.4 | D59: 46374 | E59: 46384 | F59: Flat Rate | G59: Default | I59: No matching rule; default distribution applied
A60: A1510 | B60: Entrance ST2 | C60: 2.12.5 | D60: 46385 | E60: 46393 | F60: Flat Rate | G60: Default | I60: No matching rule; default distribution applied
A61: A1520 | B61: Entrance ST4 | C61: 2.12.6 | D61: 46394 | E61: 46402 | F61: Flat Rate | G61: Default | I61: No matching rule; default distribution applied
A62: A1530 | B62: งานก่ออิฐช่องชาร์ปงานระบบประกอบอาคาร | C62: 3.1.12.1 | D62: 46266 | E62: 46307 | F62: Flat Rate | G62: Default | I62: No matching rule; default distribution applied
A63: A1540 | B63: Electrical and Communication Riser | C63: 3.1.12.2 | D63: 46308 | E63: 46398 | F63: Flat Rate | G63: Default | I63: No matching rule; default distribution applied
A64: A1550 | B64: Sanitary and Fire Protection Riser | C64: 3.1.12.3 | D64: 46308 | E64: 46398 | F64: Flat Rate | G64: Default | I64: No matching rule; default distribution applied
A65: A1560 | B65: Air Conditioning Riser | C65: 3.1.12.4 | D65: 46308 | E65: 46398 | F65: Flat Rate | G65: Default | I65: No matching rule; default distribution applied
A66: A1570 | B66: งานก่ออิฐมวลเบา ฉาบเรียบ | C66: 3.2.1.1 | D66: 46335 | E66: 46360 | F66: Flat Rate | G66: Default | I66: No matching rule; default distribution applied
A67: A1580 | B67: งานกรุกระเบื้องโมเสค ผนังห้องน้ำ | C67: 3.2.1.2 | D67: 46363 | E67: 46388 | F67: Flat Rate | G67: Default | I67: No matching rule; default distribution applied
... A76: A1670 | B76: งานติดตั้งผนังกระจก และประตูกระจกอลูมิเนียม | C76: 3.2.4.1 | D76: 46408 | E76: 46435 | F76: Flat Rate | G76: Default | I76: No matching rule; default distribution applied
A77: A1680 | B77: First Fix Wall and Ceiling | C77: 3.2.5.1 | D77: 46345 | E77: 46407 | F77: Bell Curve | G77: Activity Name | H77: wall | I77: Production work identified from activity name
A78: A1690 | B78: งานติดอุปกรณ์ Second Fix | C78: 3.2.5.2 | D78: 46408 | E78: 46442 | F78: Flat Rate | G78: Default | I78: No matching rule; default distribution applied
A79: A1700 | B79: งานติดตั้ง MDB&EMDB | C79: 3.2.5.3 | D79: 46408 | E79: 46449 | F79: Flat Rate | G79: Default | I79: No matching rule; default distribution applied
A80: A1710 | B80: งานติดตั้ง Main Communication | C80: 3.2.5.4 | D80: 46450 | E80: 46512 | F80: Flat Rate | G80: Default | I80: No matching rule; default distribution applied
A81: A1720 | B81: งานก่ออิฐมวลเบา ฉาบเรียบ | C81: 3.3.1.1 | D81: 46363 | E81: 46388 | F81: Flat Rate | G81: Default | I81: No matching rule; default distribution applied
A82: A1730 | B82: งานกรุกระเบื้องโมเสค ผนังห้องน้ำ | C82: 3.3.1.2 | D82: 46391 | E82: 46416 | F82: Flat Rate | G82: Default | I82: No matching rule; default distribution applied
A83: A1740 | B83: งานแต่งเรียบผนังภายในเดิม | C83: 3.3.1.3 | D83: 46311 | E83: 46331 | F83: Flat Rate | G83: Default | I83: No matching rule; default distribution applied
A84: A1750 | B84: งานฝ้าห้องน้ำ | C84: 3.3.2.1 | D84: 46419 | E84: 46430 | F84: Flat Rate | G84: Default | I84: No matching rule; default distribution applied
A85: A1760 | B85: งานแต่งเรียบท้องพื้น ท้องคาน | C85: 3.3.2.2 | D85: 46332 | E85: 46352 | F85: Flat Rate | G85: Default | I85: No matching rule; default distribution applied
A86: A1770 | B86: งานฝ้ากันเสียง ฝ้าอลูมิเนียมห้องประชุม | C86: 3.3.2.3 | D86: 46457 | E86: 46477 | F86: Flat Rate | G86: Default | I86: No matching rule; default distribution applied
A87: A1780 | B87: งานปูกระเบื้องยาง | C87: 3.3.3.1 | D87: 46506 | E87: 46519 | F87: Flat Rate | G87: Default | I87: No matching rule; default distribution applied
A88: A1790 | B88: งานปูหินแกรนิต ปูกระเบื้อง ห้องน้ำ | C88: 3.3.3.2 | D88: 46433 | E88: 46451 | F88: Flat Rate | G88: Default | I88: No matching rule; default distribution applied
A89: A1800 | B89: งานติดตั้งผนังกระจก และประตูกระจกอลูมิเนียม | C89: 3.3.4.1 | D89: 46429 | E89: 46456 | F89: Flat Rate | G89: Default | I89: No matching rule; default distribution applied
A90: A1810 | B90: First Fix Wall and Ceiling | C90: 3.3.5.1 | D90: 46353 | E90: 46422 | F90: Bell Curve | G90: Activity Name | H90: wall | I90: Production work identified from activity name
A91: A1820 | B91: งานติดอุปกรณ์ Second Fix | C91: 3.3.5.2 | D91: 46423 | E91: 46464 | F91: Flat Rate | G91: Default | I91: No matching rule; default distribution applied
A92: A1830 | B92: งานก่ออิฐมวลเบา ฉาบเรียบ | C92: 3.4.1.1 | D92: 46391 | E92: 46416 | F92: Flat Rate | G92: Default | I92: No matching rule; default distribution applied
A93: A1840 | B93: งานกรุกระเบื้องโมเสค ผนังห้องน้ำ | C93: 3.4.1.2 | D93: 46419 | E93: 46444 | F93: Flat Rate | G93: Default | I93: No matching rule; default distribution applied
A94: A1850 | B94: งานแต่งเรียบผนังภายในเดิม | C94: 3.4.1.3 | D94: 46353 | E94: 46373 | F94: Flat Rate | G94: Default | I94: No matching rule; default distribution applied
A95: A1860 | B95: งานฝ้าห้องน้ำ | C95: 3.4.2.1 | D95: 46447 | E95: 46458 | F95: Flat Rate | G95: Default | I95: No matching rule; default distribution applied
A96: A1870 | B96: งานแต่งเรียบท้องพื้น ท้องคาน | C96: 3.4.2.2 | D96: 46374 | E96: 46394 | F96: Flat Rate | G96: Default | I96: No matching rule; default distribution applied
A97: A1880 | B97: งานพื้น Epoxy - Corridore, Lift Lobby, Office | C97: 3.4.3.1 | D97: 46500 | E97: 46520 | F97: Flat Rate | G97: Default | I97: No matching rule; default distribution applied
A98: A1890 | B98: งานปรับระดับพื้น | C98: 3.4.3.2 | D98: 46395 | E98: 46415 | F98: Flat Rate | G98: Default | I98: No matching rule; default distribution applied
A99: A1900 | B99: งานปูกระเบื้องยาง | C99: 3.4.3.3 | D99: 46500 | E99: 46513 | F99: Flat Rate | G99: Default | I99: No matching rule; default distribution applied
A100: A1910 | B100: งานปูหินแกรนิต ปูกระเบื้อง ห้องน้ำ | C100: 3.4.3.4 | D100: 46461 | E100: 46479 | F100: Flat Rate | G100: Default | I100: No matching rule; default distribution applied
A101: A1920 | B101: งานติดตั้งผนังกระจก และประตูกระจกอลูมิเนียม | C101: 3.4.4.1 | D101: 46416 | E101: 46443 | F101: Flat Rate | G101: Default | I101: No matching rule; default distribution applied
A102: A1930 | B102: First Fix Wall and Ceiling | C102: 3.4.5.1 | D102: 46395 | E102: 46464 | F102: Bell Curve | G102: Activity Name | H102: wall | I102: Production work identified from activity name
A103: A1940 | B103: งานติดอุปกรณ์ Second Fix | C103: 3.4.5.2 | D103: 46465 | E103: 46520 | F103: Flat Rate | G103: Default | I103: No matching rule; default distribution applied
A104: A1950 | B104: งานก่ออิฐมวลเบา ฉาบเรียบ | C104: 3.5.1.1 | D104: 46419 | E104: 46444 | F104: Flat Rate | G104: Default | I104: No matching rule; default distribution applied
A105: A1960 | B105: งานกรุกระเบื้องโมเสค ผนังห้องน้ำ | C105: 3.5.1.2 | D105: 46447 | E105: 46472 | F105: Flat Rate | G105: Default | I105: No matching rule; default distribution applied
A106: A1970 | B106: งานแต่งเรียบผนังภายในเดิม | C106: 3.5.1.3 | D106: 46395 | E106: 46415 | F106: Flat Rate | G106: Default | I106: No matching rule; default distribution applied
A107: A1980 | B107: งานฝ้าห้องน้ำ | C107: 3.5.2.1 | D107: 46475 | E107: 46486 | F107: Flat Rate | G107: Default | I107: No matching rule; default distribution applied
A108: A1990 | B108: งานแต่งเรียบท้องพื้น ท้องคาน | C108: 3.5.2.2 | D108: 46416 | E108: 46436 | F108: Flat Rate | G108: Default | I108: No matching rule; default distribution applied
A109: A2000 | B109: งานปรับระดับพื้น | C109: 3.5.3.1 | D109: 46437 | E109: 46457 | F109: Flat Rate | G109: Default | I109: No matching rule; default distribution applied
A110: A2010 | B110: งานปูกระเบื้องยาง | C110: 3.5.3.2 | D110: 46528 | E110: 46538 | F110: Flat Rate | G110: Default | I110: No matching rule; default distribution applied
A111: A2020 | B111: งานพื้น Epoxy - Corridore, Lift Lobby, Office | C111: 3.5.3.3 | D111: 46525 | E111: 46538 | F111: Flat Rate | G111: Default | I111: No matching rule; default distribution applied
A112: A2030 | B112: งานปูหินแกรนิต ปูกระเบื้อง ห้องน้ำ | C112: 3.5.3.4 | D112: 46489 | E112: 46507 | F112: Flat Rate | G112: Default | I112: No matching rule; default distribution applied
A113: A2040 | B113: งานติดตั้งผนังกระจก และประตูกระจกอลูมิเนียม | C113: 3.5.4.1 | D113: 46458 | E113: 46485 | F113: Flat Rate | G113: Default | I113: No matching rule; default distribution applied
A114: A2050 | B114: First Fix Wall and Ceiling | C114: 3.5.5.1 | D114: 46416 | E114: 46485 | F114: Bell Curve | G114: Activity Name | H114: wall | I114: Production work identified from activity name
...

Sheet progress
A1: project_start | B1: project_finish | C1: week_start | D1: plan | E1: actual
A2: =main!I5 -> 46076 | B2: =main!J5 -> 46538 | C2: =main!R4 -> 46045 | D2: =IF(main!R517="","",ROUND(main!R517*100,6)) | E2: =IF(main!R519="","",ROUND(main!R519*100,6))
A3: =main!I5 -> 46076 | B3: =main!J5 -> 46538 | C3: =main!S4 -> 46052 | D3: =IF(main!S517="","",ROUND(main!S517*100,6)) | E3: =IF(main!S519="","",ROUND(main!S519*100,6))
A4: =main!I5 -> 46076 | B4: =main!J5 -> 46538 | C4: =main!T4 -> 46059 | D4: =IF(main!T517="","",ROUND(main!T517*100,6)) | E4: =IF(main!T519="","",ROUND(main!T519*100,6))
A5: =main!I5 -> 46076 | B5: =main!J5 -> 46538 | C5: =main!U4 -> 46066 | D5: =IF(main!U517="","",ROUND(main!U517*100,6)) | E5: =IF(main!U519="","",ROUND(main!U519*100,6))
A6: =main!I5 -> 46076 | B6: =main!J5 -> 46538 | C6: =main!V4 -> 46073 | D6: =IF(main!V517="","",ROUND(main!V517*100,6)) | E6: =IF(main!V519="","",ROUND(main!V519*100,6))
A7: =main!I5 -> 46076 | B7: =main!J5 -> 46538 | C7: =main!W4 -> 46080 | D7: =IF(main!W517="","",ROUND(main!W517*100,6)) -> 0.08809 | E7: =IF(main!W519="","",ROUND(main!W519*100,6))
A8: =main!I5 -> 46076 | B8: =main!J5 -> 46538 | C8: =main!X4 -> 46087 | D8: =IF(main!X517="","",ROUND(main!X517*100,6)) -> 0.197714 | E8: =IF(main!X519="","",ROUND(main!X519*100,6))
A9: =main!I5 -> 46076 | B9: =main!J5 -> 46538 | C9: =main!Y4 -> 46094 | D9: =IF(main!Y517="","",ROUND(main!Y517*100,6)) -> 0.293634 | E9: =IF(main!Y519="","",ROUND(main!Y519*100,6))
A10: =main!I5 -> 46076 | B10: =main!J5 -> 46538 | C10: =main!Z4 -> 46101 | D10: =IF(main!Z517="","",ROUND(main!Z517*100,6)) -> 0.375852 | E10: =IF(main!Z519="","",ROUND(main!Z519*100,6))
A11: =main!I5 -> 46076 | B11: =main!J5 -> 46538 | C11: =main!AA4 -> 46108 | D11: =IF(main!AA517="","",ROUND(main!AA517*100,6)) -> 0.444366 | E11: =IF(main!AA519="","",ROUND(main!AA519*100,6))
A12: =main!I5 -> 46076 | B12: =main!J5 -> 46538 | C12: =main!AB4 -> 46115 | D12: =IF(main!AB517="","",ROUND(main!AB517*100,6)) -> 0.499178 | E12: =IF(main!AB519="","",ROUND(main!AB519*100,6))
A13: =main!I5 -> 46076 | B13: =main!J5 -> 46538 | C13: =main!AC4 -> 46122 | D13: =IF(main!AC517="","",ROUND(main!AC517*100,6)) -> 0.540287 | E13: =IF(main!AC519="","",ROUND(main!AC519*100,6))
A14: =main!I5 -> 46076 | B14: =main!J5 -> 46538 | C14: =main!AD4 -> 46129 | D14: =IF(main!AD517="","",ROUND(main!AD517*100,6)) -> 0.595378 | E14: =IF(main!AD519="","",ROUND(main!AD519*100,6))
A15: =main!I5 -> 46076 | B15: =main!J5 -> 46538 | C15: =main!AE4 -> 46136 | D15: =IF(main!AE517="","",ROUND(main!AE517*100,6)) -> 0.802879 | E15: =IF(main!AE519="","",ROUND(main!AE519*100,6))
A16: =main!I5 -> 46076 | B16: =main!J5 -> 46538 | C16: =main!AF4 -> 46143 | D16: =IF(main!AF517="","",ROUND(main!AF517*100,6)) -> 0.996678 | E16: =IF(main!AF519="","",ROUND(main!AF519*100,6))
A17: =main!I5 -> 46076 | B17: =main!J5 -> 46538 | C17: =main!AG4 -> 46150 | D17: =IF(main!AG517="","",ROUND(main!AG517*100,6)) -> 1.218162 | E17: =IF(main!AG519="","",ROUND(main!AG519*100,6))
A18: =main!I5 -> 46076 | B18: =main!J5 -> 46538 | C18: =main!AH4 -> 46157 | D18: =IF(main!AH517="","",ROUND(main!AH517*100,6)) -> 1.605759 | E18: =IF(main!AH519="","",ROUND(main!AH519*100,6))
A19: =main!I5 -> 46076 | B19: =main!J5 -> 46538 | C19: =main!AI4 -> 46164 | D19: =IF(main!AI517="","",ROUND(main!AI517*100,6)) -> 1.993355 | E19: =IF(main!AI519="","",ROUND(main!AI519*100,6))
A20: =main!I5 -> 46076 | B20: =main!J5 -> 46538 | C20: =main!AJ4 -> 46171 | D20: =IF(main!AJ517="","",ROUND(main!AJ517*100,6)) -> 2.353267 | E20: =IF(main!AJ519="","",ROUND(main!AJ519*100,6))
A21: =main!I5 -> 46076 | B21: =main!J5 -> 46538 | C21: =main!AK4 -> 46178 | D21: =IF(main!AK517="","",ROUND(main!AK517*100,6)) -> 2.547065 | E21: =IF(main!AK519="","",ROUND(main!AK519*100,6))
A22: =main!I5 -> 46076 | B22: =main!J5 -> 46538 | C22: =main!AL4 -> 46185 | D22: =IF(main!AL517="","",ROUND(main!AL517*100,6)) -> 2.740864 | E22: =IF(main!AL519="","",ROUND(main!AL519*100,6))
A23: =main!I5 -> 46076 | B23: =main!J5 -> 46538 | C23: =main!AM4 -> 46192 | D23: =IF(main!AM517="","",ROUND(main!AM517*100,6)) -> 2.927741 | E23: =IF(main!AM519="","",ROUND(main!AM519*100,6))
A24: =main!I5 -> 46076 | B24: =main!J5 -> 46538 | C24: =main!AN4 -> 46199 | D24: =IF(main!AN517="","",ROUND(main!AN517*100,6)) -> 3.07309 | E24: =IF(main!AN519="","",ROUND(main!AN519*100,6))
A25: =main!I5 -> 46076 | B25: =main!J5 -> 46538 | C25: =main!AO4 -> 46206 | D25: =IF(main!AO517="","",ROUND(main!AO517*100,6)) -> 3.218439 | E25: =IF(main!AO519="","",ROUND(main!AO519*100,6))
A26: =main!I5 -> 46076 | B26: =main!J5 -> 46538 | C26: =main!AP4 -> 46213 | D26: =IF(main!AP517="","",ROUND(main!AP517*100,6)) -> 3.363787 | E26: =IF(main!AP519="","",ROUND(main!AP519*100,6))
A27: =main!I5 -> 46076 | B27: =main!J5 -> 46538 | C27: =main!AQ4 -> 46220 | D27: =IF(main!AQ517="","",ROUND(main!AQ517*100,6)) -> 3.550664 | E27: =IF(main!AQ519="","",ROUND(main!AQ519*100,6))
A28: =main!I5 -> 46076 | B28: =main!J5 -> 46538 | C28: =main!AR4 -> 46227 | D28: =IF(main!AR517="","",ROUND(main!AR517*100,6)) -> 3.986711 | E28: =IF(main!AR519="","",ROUND(main!AR519*100,6))
A29: =main!I5 -> 46076 | B29: =main!J5 -> 46538 | C29: =main!AS4 -> 46234 | D29: =IF(main!AS517="","",ROUND(main!AS517*100,6)) -> 4.610304 | E29: =IF(main!AS519="","",ROUND(main!AS519*100,6))
A30: =main!I5 -> 46076 | B30: =main!J5 -> 46538 | C30: =main!AT4 -> 46241 | D30: =IF(main!AT517="","",ROUND(main!AT517*100,6)) -> 5.243275 | E30: =IF(main!AT519="","",ROUND(main!AT519*100,6))
A31: =main!I5 -> 46076 | B31: =main!J5 -> 46538 | C31: =main!AU4 -> 46248 | D31: =IF(main!AU517="","",ROUND(main!AU517*100,6)) -> 5.78984 | E31: =IF(main!AU519="","",ROUND(main!AU519*100,6))
A32: =main!I5 -> 46076 | B32: =main!J5 -> 46538 | C32: =main!AV4 -> 46255 | D32: =IF(main!AV517="","",ROUND(main!AV517*100,6)) -> 6.469177 | E32: =IF(main!AV519="","",ROUND(main!AV519*100,6))
A33: =main!I5 -> 46076 | B33: =main!J5 -> 46538 | C33: =main!AW4 -> 46262 | D33: =IF(main!AW517="","",ROUND(main!AW517*100,6)) -> 7.342611 | E33: =IF(main!AW519="","",ROUND(main!AW519*100,6))
A34: =main!I5 -> 46076 | B34: =main!J5 -> 46538 | C34: =main!AX4 -> 46269 | D34: =IF(main!AX517="","",ROUND(main!AX517*100,6)) -> 8.24475 | E34: =IF(main!AX519="","",ROUND(main!AX519*100,6))
A35: =main!I5 -> 46076 | B35: =main!J5 -> 46538 | C35: =main!AY4 -> 46276 | D35: =IF(main!AY517="","",ROUND(main!AY517*100,6)) -> 8.743143 | E35: =IF(main!AY519="","",ROUND(main!AY519*100,6))
A36: =main!I5 -> 46076 | B36: =main!J5 -> 46538 | C36: =main!AZ4 -> 46283 | D36: =IF(main!AZ517="","",ROUND(main!AZ517*100,6)) -> 9.786017 | E36: =IF(main!AZ519="","",ROUND(main!AZ519*100,6))
A37: =main!I5 -> 46076 | B37: =main!J5 -> 46538 | C37: =main!BA4 -> 46290 | D37: =IF(main!BA517="","",ROUND(main!BA517*100,6)) -> 10.870419 | E37: =IF(main!BA519="","",ROUND(main!BA519*100,6))
A38: =main!I5 -> 46076 | B38: =main!J5 -> 46538 | C38: =main!BB4 -> 46297 | D38: =IF(main!BB517="","",ROUND(main!BB517*100,6)) -> 11.843539 | E38: =IF(main!BB519="","",ROUND(main!BB519*100,6))
A39: =main!I5 -> 46076 | B39: =main!J5 -> 46538 | C39: =main!BC4 -> 46304 | D39: =IF(main!BC517="","",ROUND(main!BC517*100,6)) -> 13.696384 | E39: =IF(main!BC519="","",ROUND(main!BC519*100,6))
A40: =main!I5 -> 46076 | B40: =main!J5 -> 46538 | C40: =main!BD4 -> 46311 | D40: =IF(main!BD517="","",ROUND(main!BD517*100,6)) -> 15.760187 | E40: =IF(main!BD519="","",ROUND(main!BD519*100,6))
A41: =main!I5 -> 46076 | B41: =main!J5 -> 46538 | C41: =main!BE4 -> 46318 | D41: =IF(main!BE517="","",ROUND(main!BE517*100,6)) -> 17.97578 | E41: =IF(main!BE519="","",ROUND(main!BE519*100,6))
A42: =main!I5 -> 46076 | B42: =main!J5 -> 46538 | C42: =main!BF4 -> 46325 | D42: =IF(main!BF517="","",ROUND(main!BF517*100,6)) -> 19.667221 | E42: =IF(main!BF519="","",ROUND(main!BF519*100,6))
A43: =main!I5 -> 46076 | B43: =main!J5 -> 46538 | C43: =main!BG4 -> 46332 | D43: =IF(main!BG517="","",ROUND(main!BG517*100,6)) -> 21.241334 | E43: =IF(main!BG519="","",ROUND(main!BG519*100,6))
A44: =main!I5 -> 46076 | B44: =main!J5 -> 46538 | C44: =main!BH4 -> 46339 | D44: =IF(main!BH517="","",ROUND(main!BH517*100,6)) -> 23.000731 | E44: =IF(main!BH519="","",ROUND(main!BH519*100,6))
A45: =main!I5 -> 46076 | B45: =main!J5 -> 46538 | C45: =main!BI4 -> 46346 | D45: =IF(main!BI517="","",ROUND(main!BI517*100,6)) -> 24.737457 | E45: =IF(main!BI519="","",ROUND(main!BI519*100,6))
A46: =main!I5 -> 46076 | B46: =main!J5 -> 46538 | C46: =main!BJ4 -> 46353 | D46: =IF(main!BJ517="","",ROUND(main!BJ517*100,6)) -> 26.306094 | E46: =IF(main!BJ519="","",ROUND(main!BJ519*100,6))
A47: =main!I5 -> 46076 | B47: =main!J5 -> 46538 | C47: =main!BK4 -> 46360 | D47: =IF(main!BK517="","",ROUND(main!BK517*100,6)) -> 28.30454 | E47: =IF(main!BK519="","",ROUND(main!BK519*100,6))
A48: =main!I5 -> 46076 | B48: =main!J5 -> 46538 | C48: =main!BL4 -> 46367 | D48: =IF(main!BL517="","",ROUND(main!BL517*100,6)) -> 30.434853 | E48: =IF(main!BL519="","",ROUND(main!BL519*100,6))
A49: =main!I5 -> 46076 | B49: =main!J5 -> 46538 | C49: =main!BM4 -> 46374 | D49: =IF(main!BM517="","",ROUND(main!BM517*100,6)) -> 32.884228 | E49: =IF(main!BM519="","",ROUND(main!BM519*100,6))
A50: =main!I5 -> 46076 | B50: =main!J5 -> 46538 | C50: =main!BN4 -> 46381 | D50: =IF(main!BN517="","",ROUND(main!BN517*100,6)) -> 35.715347 | E50: =IF(main!BN519="","",ROUND(main!BN519*100,6))
A51: =main!I5 -> 46076 | B51: =main!J5 -> 46538 | C51: =main!BO4 -> 46388 | D51: =IF(main!BO517="","",ROUND(main!BO517*100,6)) -> 39.353409 | E51: =IF(main!BO519="","",ROUND(main!BO519*100,6))
A52: =main!I5 -> 46076 | B52: =main!J5 -> 46538 | C52: =main!BP4 -> 46395 | D52: =IF(main!BP517="","",ROUND(main!BP517*100,6)) -> 42.652416 | E52: =IF(main!BP519="","",ROUND(main!BP519*100,6))
A53: =main!I5 -> 46076 | B53: =main!J5 -> 46538 | C53: =main!BQ4 -> 46402 | D53: =IF(main!BQ517="","",ROUND(main!BQ517*100,6)) -> 45.95162 | E53: =IF(main!BQ519="","",ROUND(main!BQ519*100,6))
A54: =main!I5 -> 46076 | B54: =main!J5 -> 46538 | C54: =main!BR4 -> 46409 | D54: =IF(main!BR517="","",ROUND(main!BR517*100,6)) -> 48.545961 | E54: =IF(main!BR519="","",ROUND(main!BR519*100,6))
A55: =main!I5 -> 46076 | B55: =main!J5 -> 46538 | C55: =main!BS4 -> 46416 | D55: =IF(main!BS517="","",ROUND(main!BS517*100,6)) -> 50.827273 | E55: =IF(main!BS519="","",ROUND(main!BS519*100,6))
A56: =main!I5 -> 46076 | B56: =main!J5 -> 46538 | C56: =main!BT4 -> 46423 | D56: =IF(main!BT517="","",ROUND(main!BT517*100,6)) -> 53.334204 | E56: =IF(main!BT519="","",ROUND(main!BT519*100,6))
A57: =main!I5 -> 46076 | B57: =main!J5 -> 46538 | C57: =main!BU4 -> 46430 | D57: =IF(main!BU517="","",ROUND(main!BU517*100,6)) -> 56.005596 | E57: =IF(main!BU519="","",ROUND(main!BU519*100,6))
A58: =main!I5 -> 46076 | B58: =main!J5 -> 46538 | C58: =main!BV4 -> 46437 | D58: =IF(main!BV517="","",ROUND(main!BV517*100,6)) -> 58.962575 | E58: =IF(main!BV519="","",ROUND(main!BV519*100,6))
A59: =main!I5 -> 46076 | B59: =main!J5 -> 46538 | C59: =main!BW4 -> 46444 | D59: =IF(main!BW517="","",ROUND(main!BW517*100,6)) -> 61.618955 | E59: =IF(main!BW519="","",ROUND(main!BW519*100,6))
A60: =main!I5 -> 46076 | B60: =main!J5 -> 46538 | C60: =main!BX4 -> 46451 | D60: =IF(main!BX517="","",ROUND(main!BX517*100,6)) -> 64.331265 | E60: =IF(main!BX519="","",ROUND(main!BX519*100,6))
A61: =main!I5 -> 46076 | B61: =main!J5 -> 46538 | C61: =main!BY4 -> 46458 | D61: =IF(main!BY517="","",ROUND(main!BY517*100,6)) -> 67.413697 | E61: =IF(main!BY519="","",ROUND(main!BY519*100,6))
A62: =main!I5 -> 46076 | B62: =main!J5 -> 46538 | C62: =main!BZ4 -> 46465 | D62: =IF(main!BZ517="","",ROUND(main!BZ517*100,6)) -> 70.609675 | E62: =IF(main!BZ519="","",ROUND(main!BZ519*100,6))
A63: =main!I5 -> 46076 | B63: =main!J5 -> 46538 | C63: =main!CA4 -> 46472 | D63: =IF(main!CA517="","",ROUND(main!CA517*100,6)) -> 73.85337 | E63: =IF(main!CA519="","",ROUND(main!CA519*100,6))
A64: =main!I5 -> 46076 | B64: =main!J5 -> 46538 | C64: =main!CB4 -> 46479 | D64: =IF(main!CB517="","",ROUND(main!CB517*100,6)) -> 76.756856 | E64: =IF(main!CB519="","",ROUND(main!CB519*100,6))
A65: =main!I5 -> 46076 | B65: =main!J5 -> 46538 | C65: =main!CC4 -> 46486 | D65: =IF(main!CC517="","",ROUND(main!CC517*100,6)) -> 79.781443 | E65: =IF(main!CC519="","",ROUND(main!CC519*100,6))
A66: =main!I5 -> 46076 | B66: =main!J5 -> 46538 | C66: =main!CD4 -> 46493 | D66: =IF(main!CD517="","",ROUND(main!CD517*100,6)) -> 82.693252 | E66: =IF(main!CD519="","",ROUND(main!CD519*100,6))
A67: =main!I5 -> 46076 | B67: =main!J5 -> 46538 | C67: =main!CE4 -> 46500 | D67: =IF(main!CE517="","",ROUND(main!CE517*100,6)) -> 85.089003 | E67: =IF(main!CE519="","",ROUND(main!CE519*100,6))
A68: =main!I5 -> 46076 | B68: =main!J5 -> 46538 | C68: =main!CF4 -> 46507 | D68: =IF(main!CF517="","",ROUND(main!CF517*100,6)) -> 87.934643 | E68: =IF(main!CF519="","",ROUND(main!CF519*100,6))
A69: =main!I5 -> 46076 | B69: =main!J5 -> 46538 | C69: =main!CG4 -> 46514 | D69: =IF(main!CG517="","",ROUND(main!CG517*100,6)) -> 91.736175 | E69: =IF(main!CG519="","",ROUND(main!CG519*100,6))
A70: =main!I5 -> 46076 | B70: =main!J5 -> 46538 | C70: =main!CH4 -> 46521 | D70: =IF(main!CH517="","",ROUND(main!CH517*100,6)) -> 95.453497 | E70: =IF(main!CH519="","",ROUND(main!CH519*100,6))
A71: =main!I5 -> 46076 | B71: =main!J5 -> 46538 | C71: =main!CI4 -> 46528 | D71: =IF(main!CI517="","",ROUND(main!CI517*100,6)) -> 97.511326 | E71: =IF(main!CI519="","",ROUND(main!CI519*100,6))
A72: =main!I5 -> 46076 | B72: =main!J5 -> 46538 | C72: =main!CJ4 -> 46535 | D72: =IF(main!CJ517="","",ROUND(main!CJ517*100,6)) -> 99.343099 | E72: =IF(main!CJ519="","",ROUND(main!CJ519*100,6))
A73: =main!I5 -> 46076 | B73: =main!J5 -> 46538 | C73: =main!CK4 -> 46542 | D73: =IF(main!CK517="","",ROUND(main!CK517*100,6)) -> 100 | E73: =IF(main!CK519="","",ROUND(main!CK519*100,6))
A74: =main!I5 -> 46076 | B74: =main!J5 -> 46538 | C74: =main!CL4 -> 46549 | D74: =IF(main!CL517="","",ROUND(main!CL517*100,6)) -> 100 | E74: =IF(main!CL519="","",ROUND(main!CL519*100,6))
A75: =main!I5 -> 46076 | B75: =main!J5 -> 46538 | C75: =main!CM4 -> 46556 | D75: =IF(main!CM517="","",ROUND(main!CM517*100,6)) -> 100 | E75: =IF(main!CM519="","",ROUND(main!CM519*100,6))
A76: =main!I5 -> 46076 | B76: =main!J5 -> 46538 | C76: =main!CN4 -> 46563 | D76: =IF(main!CN517="","",ROUND(main!CN517*100,6)) -> 100 | E76: =IF(main!CN519="","",ROUND(main!CN519*100,6))
A77: =main!I5 -> 46076 | B77: =main!J5 -> 46538 | C77: =main!CO4 -> 46570 | D77: =IF(main!CO517="","",ROUND(main!CO517*100,6)) -> 100 | E77: =IF(main!CO519="","",ROUND(main!CO519*100,6))

Sheet progress_table
A1: WBS | B1: Activities | C1: Amount | D1: P/A | E1: %Progress | F1: =main!R4 -> 46045 | G1: =main!S4 -> 46052 | H1: =main!T4 -> 46059 | I1: =main!U4 -> 46066 | J1: =main!V4 -> 46073 | K1: =main!W4 -> 46080 | L1: =main!X4 -> 46087 | M1: =main!Y4 -> 46094 | ... CC1: =main!CO4 -> 46570
A2: PROJECT | B2: =main!C5 -> NKC2 | C2: =main!O5 -> 17200000 | D2: P | E2: =IF(COUNT(F2:CC2)=0,"",ROUND(SUM(F2:CC2),6)) -> 99.999996 | F2: =IF(main!R5="","",ROUND(main!R5*100,6)) | G2: =IF(main!S5="","",ROUND(main!S5*100,6)) | H2: =IF(main!T5="","",ROUND(main!T5*100,6)) | I2: =IF(main!U5="","",ROUND(main!U5*100,6)) | J2: =IF(main!V5="","",ROUND(main!V5*100,6)) | K2: =IF(main!W5="","",ROUND(main!W5*100,6)) -> 0.08809 | L2: =IF(main!X5="","",ROUND(main!X5*100,6)) -> 0.109623 | M2: =IF(main!Y5="","",ROUND(main!Y5*100,6)) -> 0.09592 | ... CC2: =IF(main!CO5="","",ROUND(main!CO5*100,6))
A3: PROJECT | B3: =main!C5 -> NKC2 | C3: =main!O5 -> 17200000 | D3: A | E3: =IF(COUNT(F3:CC3)=0,"",ROUND(SUM(F3:CC3),6)) | F3: =IF(main!R6="","",ROUND(main!R6*100,6)) | G3: =IF(main!S6="","",ROUND(main!S6*100,6)) | H3: =IF(main!T6="","",ROUND(main!T6*100,6)) | I3: =IF(main!U6="","",ROUND(main!U6*100,6)) | J3: =IF(main!V6="","",ROUND(main!V6*100,6)) | K3: =IF(main!W6="","",ROUND(main!W6*100,6)) | L3: =IF(main!X6="","",ROUND(main!X6*100,6)) | M3: =IF(main!Y6="","",ROUND(main!Y6*100,6)) | ... CC3: =IF(main!CO6="","",ROUND(main!CO6*100,6))
A4: 1 | B4: =main!C7 -> งานเตรียมงาน | C4: =main!O7 -> 1100000 | D4: P | E4: =IF(COUNT(F4:CC4)=0,"",ROUND(SUM(F4:CC4),6)) -> 99.999999 | F4: =IF(main!R7="","",ROUND(main!R7*100,6)) | G4: =IF(main!S7="","",ROUND(main!S7*100,6)) | H4: =IF(main!T7="","",ROUND(main!T7*100,6)) | I4: =IF(main!U7="","",ROUND(main!U7*100,6)) | J4: =IF(main!V7="","",ROUND(main!V7*100,6)) | K4: =IF(main!W7="","",ROUND(main!W7*100,6)) -> 1.37741 | L4: =IF(main!X7="","",ROUND(main!X7*100,6)) -> 1.714111 | M4: =IF(main!Y7="","",ROUND(main!Y7*100,6)) -> 1.499847 | ... CC4: =IF(main!CO7="","",ROUND(main!CO7*100,6))
A5: 1 | B5: =main!C7 -> งานเตรียมงาน | C5: =main!O7 -> 1100000 | D5: A | E5: =IF(COUNT(F5:CC5)=0,"",ROUND(SUM(F5:CC5),6)) | F5: =IF(main!R8="","",ROUND(main!R8*100,6)) | G5: =IF(main!S8="","",ROUND(main!S8*100,6)) | H5: =IF(main!T8="","",ROUND(main!T8*100,6)) | I5: =IF(main!U8="","",ROUND(main!U8*100,6)) | J5: =IF(main!V8="","",ROUND(main!V8*100,6)) | K5: =IF(main!W8="","",ROUND(main!W8*100,6)) | L5: =IF(main!X8="","",ROUND(main!X8*100,6)) | M5: =IF(main!Y8="","",ROUND(main!Y8*100,6)) | ... CC5: =IF(main!CO8="","",ROUND(main!CO8*100,6))
A6: 1.1 | B6: =main!C9 -> Mobilization | C6: =main!O9 -> 100000 | D6: P | E6: =IF(COUNT(F6:CC6)=0,"",ROUND(SUM(F6:CC6),6)) -> 99.999999 | F6: =IF(main!R9="","",ROUND(main!R9*100,6)) | G6: =IF(main!S9="","",ROUND(main!S9*100,6)) | H6: =IF(main!T9="","",ROUND(main!T9*100,6)) | I6: =IF(main!U9="","",ROUND(main!U9*100,6)) | J6: =IF(main!V9="","",ROUND(main!V9*100,6)) | K6: =IF(main!W9="","",ROUND(main!W9*100,6)) -> 15.151515 | L6: =IF(main!X9="","",ROUND(main!X9*100,6)) -> 18.855219 | M6: =IF(main!Y9="","",ROUND(main!Y9*100,6)) -> 16.498316 | ... CC6: =IF(main!CO9="","",ROUND(main!CO9*100,6))
A7: 1.1 | B7: =main!C9 -> Mobilization | C7: =main!O9 -> 100000 | D7: A | E7: =IF(COUNT(F7:CC7)=0,"",ROUND(SUM(F7:CC7),6)) | F7: =IF(main!R10="","",ROUND(main!R10*100,6)) | G7: =IF(main!S10="","",ROUND(main!S10*100,6)) | H7: =IF(main!T10="","",ROUND(main!T10*100,6)) | I7: =IF(main!U10="","",ROUND(main!U10*100,6)) | J7: =IF(main!V10="","",ROUND(main!V10*100,6)) | K7: =IF(main!W10="","",ROUND(main!W10*100,6)) | L7: =IF(main!X10="","",ROUND(main!X10*100,6)) | M7: =IF(main!Y10="","",ROUND(main!Y10*100,6)) | ... CC7: =IF(main!CO10="","",ROUND(main!CO10*100,6))
A8: 1.1.1 | B8: =main!C11 -> Site Mobilization | C8: =main!O11 -> 100000 | D8: P | E8: =IF(COUNT(F8:CC8)=0,"",ROUND(SUM(F8:CC8),6)) -> 99.999999 | F8: =IF(main!R11="","",ROUND(main!R11*100,6)) | G8: =IF(main!S11="","",ROUND(main!S11*100,6)) | H8: =IF(main!T11="","",ROUND(main!T11*100,6)) | I8: =IF(main!U11="","",ROUND(main!U11*100,6)) | J8: =IF(main!V11="","",ROUND(main!V11*100,6)) | K8: =IF(main!W11="","",ROUND(main!W11*100,6)) -> 15.151515 | L8: =IF(main!X11="","",ROUND(main!X11*100,6)) -> 18.855219 | M8: =IF(main!Y11="","",ROUND(main!Y11*100,6)) -> 16.498316 | ... CC8: =IF(main!CO11="","",ROUND(main!CO11*100,6))
A9: 1.1.1 | B9: =main!C11 -> Site Mobilization | C9: =main!O11 -> 100000 | D9: A | E9: =IF(COUNT(F9:CC9)=0,"",ROUND(SUM(F9:CC9),6)) | F9: =IF(main!R12="","",ROUND(main!R12*100,6)) | G9: =IF(main!S12="","",ROUND(main!S12*100,6)) | H9: =IF(main!T12="","",ROUND(main!T12*100,6)) | I9: =IF(main!U12="","",ROUND(main!U12*100,6)) | J9: =IF(main!V12="","",ROUND(main!V12*100,6)) | K9: =IF(main!W12="","",ROUND(main!W12*100,6)) | L9: =IF(main!X12="","",ROUND(main!X12*100,6)) | M9: =IF(main!Y12="","",ROUND(main!Y12*100,6)) | ... CC9: =IF(main!CO12="","",ROUND(main!CO12*100,6))
A10: 1.2 | B10: =main!C13 -> งานรื้อถอน | C10: =main!O13 -> 600000 | D10: P | E10: =IF(COUNT(F10:CC10)=0,"",ROUND(SUM(F10:CC10),6)) -> 100 | F10: =IF(main!R13="","",ROUND(main!R13*100,6)) | G10: =IF(main!S13="","",ROUND(main!S13*100,6)) | H10: =IF(main!T13="","",ROUND(main!T13*100,6)) | I10: =IF(main!U13="","",ROUND(main!U13*100,6)) | J10: =IF(main!V13="","",ROUND(main!V13*100,6)) | K10: =IF(main!W13="","",ROUND(main!W13*100,6)) | L10: =IF(main!X13="","",ROUND(main!X13*100,6)) | M10: =IF(main!Y13="","",ROUND(main!Y13*100,6)) | ... CC10: =IF(main!CO13="","",ROUND(main!CO13*100,6))
A11: 1.2 | B11: =main!C13 -> งานรื้อถอน | C11: =main!O13 -> 600000 | D11: A | E11: =IF(COUNT(F11:CC11)=0,"",ROUND(SUM(F11:CC11),6)) | F11: =IF(main!R14="","",ROUND(main!R14*100,6)) | G11: =IF(main!S14="","",ROUND(main!S14*100,6)) | H11: =IF(main!T14="","",ROUND(main!T14*100,6)) | I11: =IF(main!U14="","",ROUND(main!U14*100,6)) | J11: =IF(main!V14="","",ROUND(main!V14*100,6)) | K11: =IF(main!W14="","",ROUND(main!W14*100,6)) | L11: =IF(main!X14="","",ROUND(main!X14*100,6)) | M11: =IF(main!Y14="","",ROUND(main!Y14*100,6)) | ... CC11: =IF(main!CO14="","",ROUND(main!CO14*100,6))
A12: 1.2.1 | B12: =main!C15 -> Roof & Roof Floor | C12: =main!O15 -> 100000 | D12: P | E12: =IF(COUNT(F12:CC12)=0,"",ROUND(SUM(F12:CC12),6)) -> 100 | F12: =IF(main!R15="","",ROUND(main!R15*100,6)) | G12: =IF(main!S15="","",ROUND(main!S15*100,6)) | H12: =IF(main!T15="","",ROUND(main!T15*100,6)) | I12: =IF(main!U15="","",ROUND(main!U15*100,6)) | J12: =IF(main!V15="","",ROUND(main!V15*100,6)) | K12: =IF(main!W15="","",ROUND(main!W15*100,6)) | L12: =IF(main!X15="","",ROUND(main!X15*100,6)) | M12: =IF(main!Y15="","",ROUND(main!Y15*100,6)) | ... CC12: =IF(main!CO15="","",ROUND(main!CO15*100,6))
A13: 1.2.1 | B13: =main!C15 -> Roof & Roof Floor | C13: =main!O15 -> 100000 | D13: A | E13: =IF(COUNT(F13:CC13)=0,"",ROUND(SUM(F13:CC13),6)) | F13: =IF(main!R16="","",ROUND(main!R16*100,6)) | G13: =IF(main!S16="","",ROUND(main!S16*100,6)) | H13: =IF(main!T16="","",ROUND(main!T16*100,6)) | I13: =IF(main!U16="","",ROUND(main!U16*100,6)) | J13: =IF(main!V16="","",ROUND(main!V16*100,6)) | K13: =IF(main!W16="","",ROUND(main!W16*100,6)) | L13: =IF(main!X16="","",ROUND(main!X16*100,6)) | M13: =IF(main!Y16="","",ROUND(main!Y16*100,6)) | ... CC13: =IF(main!CO16="","",ROUND(main!CO16*100,6))
A14: 1.2.2 | B14: =main!C17 -> 3rd Floor | C14: =main!O17 -> 100000 | D14: P | E14: =IF(COUNT(F14:CC14)=0,"",ROUND(SUM(F14:CC14),6)) -> 100 | F14: =IF(main!R17="","",ROUND(main!R17*100,6)) | G14: =IF(main!S17="","",ROUND(main!S17*100,6)) | H14: =IF(main!T17="","",ROUND(main!T17*100,6)) | I14: =IF(main!U17="","",ROUND(main!U17*100,6)) | J14: =IF(main!V17="","",ROUND(main!V17*100,6)) | K14: =IF(main!W17="","",ROUND(main!W17*100,6)) | L14: =IF(main!X17="","",ROUND(main!X17*100,6)) | M14: =IF(main!Y17="","",ROUND(main!Y17*100,6)) | ... CC14: =IF(main!CO17="","",ROUND(main!CO17*100,6))
A15: 1.2.2 | B15: =main!C17 -> 3rd Floor | C15: =main!O17 -> 100000 | D15: A | E15: =IF(COUNT(F15:CC15)=0,"",ROUND(SUM(F15:CC15),6)) | F15: =IF(main!R18="","",ROUND(main!R18*100,6)) | G15: =IF(main!S18="","",ROUND(main!S18*100,6)) | H15: =IF(main!T18="","",ROUND(main!T18*100,6)) | I15: =IF(main!U18="","",ROUND(main!U18*100,6)) | J15: =IF(main!V18="","",ROUND(main!V18*100,6)) | K15: =IF(main!W18="","",ROUND(main!W18*100,6)) | L15: =IF(main!X18="","",ROUND(main!X18*100,6)) | M15: =IF(main!Y18="","",ROUND(main!Y18*100,6)) | ... CC15: =IF(main!CO18="","",ROUND(main!CO18*100,6))
A16: 1.2.3 | B16: =main!C19 -> 2nd Floor | C16: =main!O19 -> 100000 | D16: P | E16: =IF(COUNT(F16:CC16)=0,"",ROUND(SUM(F16:CC16),6)) -> 100 | F16: =IF(main!R19="","",ROUND(main!R19*100,6)) | G16: =IF(main!S19="","",ROUND(main!S19*100,6)) | H16: =IF(main!T19="","",ROUND(main!T19*100,6)) | I16: =IF(main!U19="","",ROUND(main!U19*100,6)) | J16: =IF(main!V19="","",ROUND(main!V19*100,6)) | K16: =IF(main!W19="","",ROUND(main!W19*100,6)) | L16: =IF(main!X19="","",ROUND(main!X19*100,6)) | M16: =IF(main!Y19="","",ROUND(main!Y19*100,6)) | ... CC16: =IF(main!CO19="","",ROUND(main!CO19*100,6))
A17: 1.2.3 | B17: =main!C19 -> 2nd Floor | C17: =main!O19 -> 100000 | D17: A | E17: =IF(COUNT(F17:CC17)=0,"",ROUND(SUM(F17:CC17),6)) | F17: =IF(main!R20="","",ROUND(main!R20*100,6)) | G17: =IF(main!S20="","",ROUND(main!S20*100,6)) | H17: =IF(main!T20="","",ROUND(main!T20*100,6)) | I17: =IF(main!U20="","",ROUND(main!U20*100,6)) | J17: =IF(main!V20="","",ROUND(main!V20*100,6)) | K17: =IF(main!W20="","",ROUND(main!W20*100,6)) | L17: =IF(main!X20="","",ROUND(main!X20*100,6)) | M17: =IF(main!Y20="","",ROUND(main!Y20*100,6)) | ... CC17: =IF(main!CO20="","",ROUND(main!CO20*100,6))
A18: 1.2.4 | B18: =main!C21 -> Mezzanine Floor | C18: =main!O21 -> 100000 | D18: P | E18: =IF(COUNT(F18:CC18)=0,"",ROUND(SUM(F18:CC18),6)) -> 100 | F18: =IF(main!R21="","",ROUND(main!R21*100,6)) | G18: =IF(main!S21="","",ROUND(main!S21*100,6)) | H18: =IF(main!T21="","",ROUND(main!T21*100,6)) | I18: =IF(main!U21="","",ROUND(main!U21*100,6)) | J18: =IF(main!V21="","",ROUND(main!V21*100,6)) | K18: =IF(main!W21="","",ROUND(main!W21*100,6)) | L18: =IF(main!X21="","",ROUND(main!X21*100,6)) | M18: =IF(main!Y21="","",ROUND(main!Y21*100,6)) | ... CC18: =IF(main!CO21="","",ROUND(main!CO21*100,6))
A19: 1.2.4 | B19: =main!C21 -> Mezzanine Floor | C19: =main!O21 -> 100000 | D19: A | E19: =IF(COUNT(F19:CC19)=0,"",ROUND(SUM(F19:CC19),6)) | F19: =IF(main!R22="","",ROUND(main!R22*100,6)) | G19: =IF(main!S22="","",ROUND(main!S22*100,6)) | H19: =IF(main!T22="","",ROUND(main!T22*100,6)) | I19: =IF(main!U22="","",ROUND(main!U22*100,6)) | J19: =IF(main!V22="","",ROUND(main!V22*100,6)) | K19: =IF(main!W22="","",ROUND(main!W22*100,6)) | L19: =IF(main!X22="","",ROUND(main!X22*100,6)) | M19: =IF(main!Y22="","",ROUND(main!Y22*100,6)) | ... CC19: =IF(main!CO22="","",ROUND(main!CO22*100,6))
A20: 1.2.5 | B20: =main!C23 -> Ground Floor | C20: =main!O23 -> 100000 | D20: P | E20: =IF(COUNT(F20:CC20)=0,"",ROUND(SUM(F20:CC20),6)) -> 100 | F20: =IF(main!R23="","",ROUND(main!R23*100,6)) | G20: =IF(main!S23="","",ROUND(main!S23*100,6)) | H20: =IF(main!T23="","",ROUND(main!T23*100,6)) | I20: =IF(main!U23="","",ROUND(main!U23*100,6)) | J20: =IF(main!V23="","",ROUND(main!V23*100,6)) | K20: =IF(main!W23="","",ROUND(main!W23*100,6)) | L20: =IF(main!X23="","",ROUND(main!X23*100,6)) | M20: =IF(main!Y23="","",ROUND(main!Y23*100,6)) | ... CC20: =IF(main!CO23="","",ROUND(main!CO23*100,6))
A21: 1.2.5 | B21: =main!C23 -> Ground Floor | C21: =main!O23 -> 100000 | D21: A | E21: =IF(COUNT(F21:CC21)=0,"",ROUND(SUM(F21:CC21),6)) | F21: =IF(main!R24="","",ROUND(main!R24*100,6)) | G21: =IF(main!S24="","",ROUND(main!S24*100,6)) | H21: =IF(main!T24="","",ROUND(main!T24*100,6)) | I21: =IF(main!U24="","",ROUND(main!U24*100,6)) | J21: =IF(main!V24="","",ROUND(main!V24*100,6)) | K21: =IF(main!W24="","",ROUND(main!W24*100,6)) | L21: =IF(main!X24="","",ROUND(main!X24*100,6)) | M21: =IF(main!Y24="","",ROUND(main!Y24*100,6)) | ... CC21: =IF(main!CO24="","",ROUND(main!CO24*100,6))
A22: 1.2.6 | B22: =main!C25 -> External | C22: =main!O25 -> 100000 | D22: P | E22: =IF(COUNT(F22:CC22)=0,"",ROUND(SUM(F22:CC22),6)) -> 100 | F22: =IF(main!R25="","",ROUND(main!R25*100,6)) | G22: =IF(main!S25="","",ROUND(main!S25*100,6)) | H22: =IF(main!T25="","",ROUND(main!T25*100,6)) | I22: =IF(main!U25="","",ROUND(main!U25*100,6)) | J22: =IF(main!V25="","",ROUND(main!V25*100,6)) | K22: =IF(main!W25="","",ROUND(main!W25*100,6)) | L22: =IF(main!X25="","",ROUND(main!X25*100,6)) | M22: =IF(main!Y25="","",ROUND(main!Y25*100,6)) | ... CC22: =IF(main!CO25="","",ROUND(main!CO25*100,6))
A23: 1.2.6 | B23: =main!C25 -> External | C23: =main!O25 -> 100000 | D23: A | E23: =IF(COUNT(F23:CC23)=0,"",ROUND(SUM(F23:CC23),6)) | F23: =IF(main!R26="","",ROUND(main!R26*100,6)) | G23: =IF(main!S26="","",ROUND(main!S26*100,6)) | H23: =IF(main!T26="","",ROUND(main!T26*100,6)) | I23: =IF(main!U26="","",ROUND(main!U26*100,6)) | J23: =IF(main!V26="","",ROUND(main!V26*100,6)) | K23: =IF(main!W26="","",ROUND(main!W26*100,6)) | L23: =IF(main!X26="","",ROUND(main!X26*100,6)) | M23: =IF(main!Y26="","",ROUND(main!Y26*100,6)) | ... CC23: =IF(main!CO26="","",ROUND(main!CO26*100,6))
A24: 1.3 | B24: =main!C27 -> งานซ่อมโครงสร้าง | C24: =main!O27 -> 400000 | D24: P | E24: =IF(COUNT(F24:CC24)=0,"",ROUND(SUM(F24:CC24),6)) -> 99.999999 | F24: =IF(main!R27="","",ROUND(main!R27*100,6)) | G24: =IF(main!S27="","",ROUND(main!S27*100,6)) | H24: =IF(main!T27="","",ROUND(main!T27*100,6)) | I24: =IF(main!U27="","",ROUND(main!U27*100,6)) | J24: =IF(main!V27="","",ROUND(main!V27*100,6)) | K24: =IF(main!W27="","",ROUND(main!W27*100,6)) | L24: =IF(main!X27="","",ROUND(main!X27*100,6)) | M24: =IF(main!Y27="","",ROUND(main!Y27*100,6)) | ... CC24: =IF(main!CO27="","",ROUND(main!CO27*100,6))
A25: 1.3 | B25: =main!C27 -> งานซ่อมโครงสร้าง | C25: =main!O27 -> 400000 | D25: A | E25: =IF(COUNT(F25:CC25)=0,"",ROUND(SUM(F25:CC25),6)) | F25: =IF(main!R28="","",ROUND(main!R28*100,6)) | G25: =IF(main!S28="","",ROUND(main!S28*100,6)) | H25: =IF(main!T28="","",ROUND(main!T28*100,6)) | I25: =IF(main!U28="","",ROUND(main!U28*100,6)) | J25: =IF(main!V28="","",ROUND(main!V28*100,6)) | K25: =IF(main!W28="","",ROUND(main!W28*100,6)) | L25: =IF(main!X28="","",ROUND(main!X28*100,6)) | M25: =IF(main!Y28="","",ROUND(main!Y28*100,6)) | ... CC25: =IF(main!CO28="","",ROUND(main!CO28*100,6))
A26: 1.3.1 | B26: =main!C29 -> Ground FL | C26: =main!O29 -> 100000 | D26: P | E26: =IF(COUNT(F26:CC26)=0,"",ROUND(SUM(F26:CC26),6)) -> 100 | F26: =IF(main!R29="","",ROUND(main!R29*100,6)) | G26: =IF(main!S29="","",ROUND(main!S29*100,6)) | H26: =IF(main!T29="","",ROUND(main!T29*100,6)) | I26: =IF(main!U29="","",ROUND(main!U29*100,6)) | J26: =IF(main!V29="","",ROUND(main!V29*100,6)) | K26: =IF(main!W29="","",ROUND(main!W29*100,6)) | L26: =IF(main!X29="","",ROUND(main!X29*100,6)) | M26: =IF(main!Y29="","",ROUND(main!Y29*100,6)) | ... CC26: =IF(main!CO29="","",ROUND(main!CO29*100,6))
A27: 1.3.1 | B27: =main!C29 -> Ground FL | C27: =main!O29 -> 100000 | D27: A | E27: =IF(COUNT(F27:CC27)=0,"",ROUND(SUM(F27:CC27),6)) | F27: =IF(main!R30="","",ROUND(main!R30*100,6)) | G27: =IF(main!S30="","",ROUND(main!S30*100,6)) | H27: =IF(main!T30="","",ROUND(main!T30*100,6)) | I27: =IF(main!U30="","",ROUND(main!U30*100,6)) | J27: =IF(main!V30="","",ROUND(main!V30*100,6)) | K27: =IF(main!W30="","",ROUND(main!W30*100,6)) | L27: =IF(main!X30="","",ROUND(main!X30*100,6)) | M27: =IF(main!Y30="","",ROUND(main!Y30*100,6)) | ... CC27: =IF(main!CO30="","",ROUND(main!CO30*100,6))
A28: 1.3.2 | B28: =main!C31 -> 2nd FL | C28: =main!O31 -> 100000 | D28: P | E28: =IF(COUNT(F28:CC28)=0,"",ROUND(SUM(F28:CC28),6)) -> 100 | F28: =IF(main!R31="","",ROUND(main!R31*100,6)) | G28: =IF(main!S31="","",ROUND(main!S31*100,6)) | H28: =IF(main!T31="","",ROUND(main!T31*100,6)) | I28: =IF(main!U31="","",ROUND(main!U31*100,6)) | J28: =IF(main!V31="","",ROUND(main!V31*100,6)) | K28: =IF(main!W31="","",ROUND(main!W31*100,6)) | L28: =IF(main!X31="","",ROUND(main!X31*100,6)) | M28: =IF(main!Y31="","",ROUND(main!Y31*100,6)) | ... CC28: =IF(main!CO31="","",ROUND(main!CO31*100,6))
A29: 1.3.2 | B29: =main!C31 -> 2nd FL | C29: =main!O31 -> 100000 | D29: A | E29: =IF(COUNT(F29:CC29)=0,"",ROUND(SUM(F29:CC29),6)) | F29: =IF(main!R32="","",ROUND(main!R32*100,6)) | G29: =IF(main!S32="","",ROUND(main!S32*100,6)) | H29: =IF(main!T32="","",ROUND(main!T32*100,6)) | I29: =IF(main!U32="","",ROUND(main!U32*100,6)) | J29: =IF(main!V32="","",ROUND(main!V32*100,6)) | K29: =IF(main!W32="","",ROUND(main!W32*100,6)) | L29: =IF(main!X32="","",ROUND(main!X32*100,6)) | M29: =IF(main!Y32="","",ROUND(main!Y32*100,6)) | ... CC29: =IF(main!CO32="","",ROUND(main!CO32*100,6))
A30: 1.3.3 | B30: =main!C33 -> 3rd FL | C30: =main!O33 -> 100000 | D30: P | E30: =IF(COUNT(F30:CC30)=0,"",ROUND(SUM(F30:CC30),6)) -> 100 | F30: =IF(main!R33="","",ROUND(main!R33*100,6)) | G30: =IF(main!S33="","",ROUND(main!S33*100,6)) | H30: =IF(main!T33="","",ROUND(main!T33*100,6)) | I30: =IF(main!U33="","",ROUND(main!U33*100,6)) | J30: =IF(main!V33="","",ROUND(main!V33*100,6)) | K30: =IF(main!W33="","",ROUND(main!W33*100,6)) | L30: =IF(main!X33="","",ROUND(main!X33*100,6)) | M30: =IF(main!Y33="","",ROUND(main!Y33*100,6)) | ... CC30: =IF(main!CO33="","",ROUND(main!CO33*100,6))
A31: 1.3.3 | B31: =main!C33 -> 3rd FL | C31: =main!O33 -> 100000 | D31: A | E31: =IF(COUNT(F31:CC31)=0,"",ROUND(SUM(F31:CC31),6)) | F31: =IF(main!R34="","",ROUND(main!R34*100,6)) | G31: =IF(main!S34="","",ROUND(main!S34*100,6)) | H31: =IF(main!T34="","",ROUND(main!T34*100,6)) | I31: =IF(main!U34="","",ROUND(main!U34*100,6)) | J31: =IF(main!V34="","",ROUND(main!V34*100,6)) | K31: =IF(main!W34="","",ROUND(main!W34*100,6)) | L31: =IF(main!X34="","",ROUND(main!X34*100,6)) | M31: =IF(main!Y34="","",ROUND(main!Y34*100,6)) | ... CC31: =IF(main!CO34="","",ROUND(main!CO34*100,6))
A32: 1.3.4 | B32: =main!C35 -> Roof FL | C32: =main!O35 -> 100000 | D32: P | E32: =IF(COUNT(F32:CC32)=0,"",ROUND(SUM(F32:CC32),6)) -> 100 | F32: =IF(main!R35="","",ROUND(main!R35*100,6)) | G32: =IF(main!S35="","",ROUND(main!S35*100,6)) | H32: =IF(main!T35="","",ROUND(main!T35*100,6)) | I32: =IF(main!U35="","",ROUND(main!U35*100,6)) | J32: =IF(main!V35="","",ROUND(main!V35*100,6)) | K32: =IF(main!W35="","",ROUND(main!W35*100,6)) | L32: =IF(main!X35="","",ROUND(main!X35*100,6)) | M32: =IF(main!Y35="","",ROUND(main!Y35*100,6)) | ... CC32: =IF(main!CO35="","",ROUND(main!CO35*100,6))
A33: 1.3.4 | B33: =main!C35 -> Roof FL | C33: =main!O35 -> 100000 | D33: A | E33: =IF(COUNT(F33:CC33)=0,"",ROUND(SUM(F33:CC33),6)) | F33: =IF(main!R36="","",ROUND(main!R36*100,6)) | G33: =IF(main!S36="","",ROUND(main!S36*100,6)) | H33: =IF(main!T36="","",ROUND(main!T36*100,6)) | I33: =IF(main!U36="","",ROUND(main!U36*100,6)) | J33: =IF(main!V36="","",ROUND(main!V36*100,6)) | K33: =IF(main!W36="","",ROUND(main!W36*100,6)) | L33: =IF(main!X36="","",ROUND(main!X36*100,6)) | M33: =IF(main!Y36="","",ROUND(main!Y36*100,6)) | ... CC33: =IF(main!CO36="","",ROUND(main!CO36*100,6))
A34: 2 | B34: =main!C37 -> Structure | C34: =main!O37 -> 4300000 | D34: P | E34: =IF(COUNT(F34:CC34)=0,"",ROUND(SUM(F34:CC34),6)) -> 99.999999 | F34: =IF(main!R37="","",ROUND(main!R37*100,6)) | G34: =IF(main!S37="","",ROUND(main!S37*100,6)) | H34: =IF(main!T37="","",ROUND(main!T37*100,6)) | I34: =IF(main!U37="","",ROUND(main!U37*100,6)) | J34: =IF(main!V37="","",ROUND(main!V37*100,6)) | K34: =IF(main!W37="","",ROUND(main!W37*100,6)) | L34: =IF(main!X37="","",ROUND(main!X37*100,6)) | M34: =IF(main!Y37="","",ROUND(main!Y37*100,6)) | ... CC34: =IF(main!CO37="","",ROUND(main!CO37*100,6))
A35: 2 | B35: =main!C37 -> Structure | C35: =main!O37 -> 4300000 | D35: A | E35: =IF(COUNT(F35:CC35)=0,"",ROUND(SUM(F35:CC35),6)) | F35: =IF(main!R38="","",ROUND(main!R38*100,6)) | G35: =IF(main!S38="","",ROUND(main!S38*100,6)) | H35: =IF(main!T38="","",ROUND(main!T38*100,6)) | I35: =IF(main!U38="","",ROUND(main!U38*100,6)) | J35: =IF(main!V38="","",ROUND(main!V38*100,6)) | K35: =IF(main!W38="","",ROUND(main!W38*100,6)) | L35: =IF(main!X38="","",ROUND(main!X38*100,6)) | M35: =IF(main!Y38="","",ROUND(main!Y38*100,6)) | ... CC35: =IF(main!CO38="","",ROUND(main!CO38*100,6))
A36: 2.1 | B36: =main!C39 -> Pilling Work | C36: =main!O39 -> 100000 | D36: P | E36: =IF(COUNT(F36:CC36)=0,"",ROUND(SUM(F36:CC36),6)) -> 100 | F36: =IF(main!R39="","",ROUND(main!R39*100,6)) | G36: =IF(main!S39="","",ROUND(main!S39*100,6)) | H36: =IF(main!T39="","",ROUND(main!T39*100,6)) | I36: =IF(main!U39="","",ROUND(main!U39*100,6)) | J36: =IF(main!V39="","",ROUND(main!V39*100,6)) | K36: =IF(main!W39="","",ROUND(main!W39*100,6)) | L36: =IF(main!X39="","",ROUND(main!X39*100,6)) | M36: =IF(main!Y39="","",ROUND(main!Y39*100,6)) | ... CC36: =IF(main!CO39="","",ROUND(main!CO39*100,6))
A37: 2.1 | B37: =main!C39 -> Pilling Work | C37: =main!O39 -> 100000 | D37: A | E37: =IF(COUNT(F37:CC37)=0,"",ROUND(SUM(F37:CC37),6)) | F37: =IF(main!R40="","",ROUND(main!R40*100,6)) | G37: =IF(main!S40="","",ROUND(main!S40*100,6)) | H37: =IF(main!T40="","",ROUND(main!T40*100,6)) | I37: =IF(main!U40="","",ROUND(main!U40*100,6)) | J37: =IF(main!V40="","",ROUND(main!V40*100,6)) | K37: =IF(main!W40="","",ROUND(main!W40*100,6)) | L37: =IF(main!X40="","",ROUND(main!X40*100,6)) | M37: =IF(main!Y40="","",ROUND(main!Y40*100,6)) | ... CC37: =IF(main!CO40="","",ROUND(main!CO40*100,6))
A38: 2.1.1 | B38: =main!C41 -> Bored Pile | C38: =main!O41 -> 100000 | D38: P | E38: =IF(COUNT(F38:CC38)=0,"",ROUND(SUM(F38:CC38),6)) -> 100 | F38: =IF(main!R41="","",ROUND(main!R41*100,6)) | G38: =IF(main!S41="","",ROUND(main!S41*100,6)) | H38: =IF(main!T41="","",ROUND(main!T41*100,6)) | I38: =IF(main!U41="","",ROUND(main!U41*100,6)) | J38: =IF(main!V41="","",ROUND(main!V41*100,6)) | K38: =IF(main!W41="","",ROUND(main!W41*100,6)) | L38: =IF(main!X41="","",ROUND(main!X41*100,6)) | M38: =IF(main!Y41="","",ROUND(main!Y41*100,6)) | ... CC38: =IF(main!CO41="","",ROUND(main!CO41*100,6))
A39: 2.1.1 | B39: =main!C41 -> Bored Pile | C39: =main!O41 -> 100000 | D39: A | E39: =IF(COUNT(F39:CC39)=0,"",ROUND(SUM(F39:CC39),6)) | F39: =IF(main!R42="","",ROUND(main!R42*100,6)) | G39: =IF(main!S42="","",ROUND(main!S42*100,6)) | H39: =IF(main!T42="","",ROUND(main!T42*100,6)) | I39: =IF(main!U42="","",ROUND(main!U42*100,6)) | J39: =IF(main!V42="","",ROUND(main!V42*100,6)) | K39: =IF(main!W42="","",ROUND(main!W42*100,6)) | L39: =IF(main!X42="","",ROUND(main!X42*100,6)) | M39: =IF(main!Y42="","",ROUND(main!Y42*100,6)) | ... CC39: =IF(main!CO42="","",ROUND(main!CO42*100,6))
A40: 2.2 | B40: =main!C43 -> Toilet & Pantry | C40: =main!O43 -> 400000 | D40: P | E40: =IF(COUNT(F40:CC40)=0,"",ROUND(SUM(F40:CC40),6)) -> 100 | F40: =IF(main!R43="","",ROUND(main!R43*100,6)) | G40: =IF(main!S43="","",ROUND(main!S43*100,6)) | H40: =IF(main!T43="","",ROUND(main!T43*100,6)) | I40: =IF(main!U43="","",ROUND(main!U43*100,6)) | J40: =IF(main!V43="","",ROUND(main!V43*100,6)) | K40: =IF(main!W43="","",ROUND(main!W43*100,6)) | L40: =IF(main!X43="","",ROUND(main!X43*100,6)) | M40: =IF(main!Y43="","",ROUND(main!Y43*100,6)) | ... CC40: =IF(main!CO43="","",ROUND(main!CO43*100,6))
A41: 2.2 | B41: =main!C43 -> Toilet & Pantry | C41: =main!O43 -> 400000 | D41: A | E41: =IF(COUNT(F41:CC41)=0,"",ROUND(SUM(F41:CC41),6)) | F41: =IF(main!R44="","",ROUND(main!R44*100,6)) | G41: =IF(main!S44="","",ROUND(main!S44*100,6)) | H41: =IF(main!T44="","",ROUND(main!T44*100,6)) | I41: =IF(main!U44="","",ROUND(main!U44*100,6)) | J41: =IF(main!V44="","",ROUND(main!V44*100,6)) | K41: =IF(main!W44="","",ROUND(main!W44*100,6)) | L41: =IF(main!X44="","",ROUND(main!X44*100,6)) | M41: =IF(main!Y44="","",ROUND(main!Y44*100,6)) | ... CC41: =IF(main!CO44="","",ROUND(main!CO44*100,6))
A42: 2.2.1 | B42: =main!C45 -> Foundation | C42: =main!O45 -> 100000 | D42: P | E42: =IF(COUNT(F42:CC42)=0,"",ROUND(SUM(F42:CC42),6)) -> 100 | F42: =IF(main!R45="","",ROUND(main!R45*100,6)) | G42: =IF(main!S45="","",ROUND(main!S45*100,6)) | H42: =IF(main!T45="","",ROUND(main!T45*100,6)) | I42: =IF(main!U45="","",ROUND(main!U45*100,6)) | J42: =IF(main!V45="","",ROUND(main!V45*100,6)) | K42: =IF(main!W45="","",ROUND(main!W45*100,6)) | L42: =IF(main!X45="","",ROUND(main!X45*100,6)) | M42: =IF(main!Y45="","",ROUND(main!Y45*100,6)) | ... CC42: =IF(main!CO45="","",ROUND(main!CO45*100,6))
A43: 2.2.1 | B43: =main!C45 -> Foundation | C43: =main!O45 -> 100000 | D43: A | E43: =IF(COUNT(F43:CC43)=0,"",ROUND(SUM(F43:CC43),6)) | F43: =IF(main!R46="","",ROUND(main!R46*100,6)) | G43: =IF(main!S46="","",ROUND(main!S46*100,6)) | H43: =IF(main!T46="","",ROUND(main!T46*100,6)) | I43: =IF(main!U46="","",ROUND(main!U46*100,6)) | J43: =IF(main!V46="","",ROUND(main!V46*100,6)) | K43: =IF(main!W46="","",ROUND(main!W46*100,6)) | L43: =IF(main!X46="","",ROUND(main!X46*100,6)) | M43: =IF(main!Y46="","",ROUND(main!Y46*100,6)) | ... CC43: =IF(main!CO46="","",ROUND(main!CO46*100,6))
A44: 2.2.2 | B44: =main!C47 -> RC Beam & Slab for GL.Floor | C44: =main!O47 -> 100000 | D44: P | E44: =IF(COUNT(F44:CC44)=0,"",ROUND(SUM(F44:CC44),6)) -> 100 | F44: =IF(main!R47="","",ROUND(main!R47*100,6)) | G44: =IF(main!S47="","",ROUND(main!S47*100,6)) | H44: =IF(main!T47="","",ROUND(main!T47*100,6)) | I44: =IF(main!U47="","",ROUND(main!U47*100,6)) | J44: =IF(main!V47="","",ROUND(main!V47*100,6)) | K44: =IF(main!W47="","",ROUND(main!W47*100,6)) | L44: =IF(main!X47="","",ROUND(main!X47*100,6)) | M44: =IF(main!Y47="","",ROUND(main!Y47*100,6)) | ... CC44: =IF(main!CO47="","",ROUND(main!CO47*100,6))
A45: 2.2.2 | B45: =main!C47 -> RC Beam & Slab for GL.Floor | C45: =main!O47 -> 100000 | D45: A | E45: =IF(COUNT(F45:CC45)=0,"",ROUND(SUM(F45:CC45),6)) | F45: =IF(main!R48="","",ROUND(main!R48*100,6)) | G45: =IF(main!S48="","",ROUND(main!S48*100,6)) | H45: =IF(main!T48="","",ROUND(main!T48*100,6)) | I45: =IF(main!U48="","",ROUND(main!U48*100,6)) | J45: =IF(main!V48="","",ROUND(main!V48*100,6)) | K45: =IF(main!W48="","",ROUND(main!W48*100,6)) | L45: =IF(main!X48="","",ROUND(main!X48*100,6)) | M45: =IF(main!Y48="","",ROUND(main!Y48*100,6)) | ... CC45: =IF(main!CO48="","",ROUND(main!CO48*100,6))
A46: 2.2.3 | B46: =main!C49 -> Steel Column & Beam M to R | C46: =main!O49 -> 100000 | D46: P | E46: =IF(COUNT(F46:CC46)=0,"",ROUND(SUM(F46:CC46),6)) -> 100 | F46: =IF(main!R49="","",ROUND(main!R49*100,6)) | G46: =IF(main!S49="","",ROUND(main!S49*100,6)) | H46: =IF(main!T49="","",ROUND(main!T49*100,6)) | I46: =IF(main!U49="","",ROUND(main!U49*100,6)) | J46: =IF(main!V49="","",ROUND(main!V49*100,6)) | K46: =IF(main!W49="","",ROUND(main!W49*100,6)) | L46: =IF(main!X49="","",ROUND(main!X49*100,6)) | M46: =IF(main!Y49="","",ROUND(main!Y49*100,6)) | ... CC46: =IF(main!CO49="","",ROUND(main!CO49*100,6))
A47: 2.2.3 | B47: =main!C49 -> Steel Column & Beam M to R | C47: =main!O49 -> 100000 | D47: A | E47: =IF(COUNT(F47:CC47)=0,"",ROUND(SUM(F47:CC47),6)) | F47: =IF(main!R50="","",ROUND(main!R50*100,6)) | G47: =IF(main!S50="","",ROUND(main!S50*100,6)) | H47: =IF(main!T50="","",ROUND(main!T50*100,6)) | I47: =IF(main!U50="","",ROUND(main!U50*100,6)) | J47: =IF(main!V50="","",ROUND(main!V50*100,6)) | K47: =IF(main!W50="","",ROUND(main!W50*100,6)) | L47: =IF(main!X50="","",ROUND(main!X50*100,6)) | M47: =IF(main!Y50="","",ROUND(main!Y50*100,6)) | ... CC47: =IF(main!CO50="","",ROUND(main!CO50*100,6))
A48: 2.2.4 | B48: =main!C51 -> RC Slab M to R | C48: =main!O51 -> 100000 | D48: P | E48: =IF(COUNT(F48:CC48)=0,"",ROUND(SUM(F48:CC48),6)) -> 100 | F48: =IF(main!R51="","",ROUND(main!R51*100,6)) | G48: =IF(main!S51="","",ROUND(main!S51*100,6)) | H48: =IF(main!T51="","",ROUND(main!T51*100,6)) | I48: =IF(main!U51="","",ROUND(main!U51*100,6)) | J48: =IF(main!V51="","",ROUND(main!V51*100,6)) | K48: =IF(main!W51="","",ROUND(main!W51*100,6)) | L48: =IF(main!X51="","",ROUND(main!X51*100,6)) | M48: =IF(main!Y51="","",ROUND(main!Y51*100,6)) | ... CC48: =IF(main!CO51="","",ROUND(main!CO51*100,6))
A49: 2.2.4 | B49: =main!C51 -> RC Slab M to R | C49: =main!O51 -> 100000 | D49: A | E49: =IF(COUNT(F49:CC49)=0,"",ROUND(SUM(F49:CC49),6)) | F49: =IF(main!R52="","",ROUND(main!R52*100,6)) | G49: =IF(main!S52="","",ROUND(main!S52*100,6)) | H49: =IF(main!T52="","",ROUND(main!T52*100,6)) | I49: =IF(main!U52="","",ROUND(main!U52*100,6)) | J49: =IF(main!V52="","",ROUND(main!V52*100,6)) | K49: =IF(main!W52="","",ROUND(main!W52*100,6)) | L49: =IF(main!X52="","",ROUND(main!X52*100,6)) | M49: =IF(main!Y52="","",ROUND(main!Y52*100,6)) | ... CC49: =IF(main!CO52="","",ROUND(main!CO52*100,6))
A50: 2.3 | B50: =main!C53 -> Lift | C50: =main!O53 -> 400000 | D50: P | E50: =IF(COUNT(F50:CC50)=0,"",ROUND(SUM(F50:CC50),6)) -> 100 | F50: =IF(main!R53="","",ROUND(main!R53*100,6)) | G50: =IF(main!S53="","",ROUND(main!S53*100,6)) | H50: =IF(main!T53="","",ROUND(main!T53*100,6)) | I50: =IF(main!U53="","",ROUND(main!U53*100,6)) | J50: =IF(main!V53="","",ROUND(main!V53*100,6)) | K50: =IF(main!W53="","",ROUND(main!W53*100,6)) | L50: =IF(main!X53="","",ROUND(main!X53*100,6)) | M50: =IF(main!Y53="","",ROUND(main!Y53*100,6)) | ... CC50: =IF(main!CO53="","",ROUND(main!CO53*100,6))
A51: 2.3 | B51: =main!C53 -> Lift | C51: =main!O53 -> 400000 | D51: A | E51: =IF(COUNT(F51:CC51)=0,"",ROUND(SUM(F51:CC51),6)) | F51: =IF(main!R54="","",ROUND(main!R54*100,6)) | G51: =IF(main!S54="","",ROUND(main!S54*100,6)) | H51: =IF(main!T54="","",ROUND(main!T54*100,6)) | I51: =IF(main!U54="","",ROUND(main!U54*100,6)) | J51: =IF(main!V54="","",ROUND(main!V54*100,6)) | K51: =IF(main!W54="","",ROUND(main!W54*100,6)) | L51: =IF(main!X54="","",ROUND(main!X54*100,6)) | M51: =IF(main!Y54="","",ROUND(main!Y54*100,6)) | ... CC51: =IF(main!CO54="","",ROUND(main!CO54*100,6))
A52: 2.3.1 | B52: =main!C55 -> Foundation | C52: =main!O55 -> 100000 | D52: P | E52: =IF(COUNT(F52:CC52)=0,"",ROUND(SUM(F52:CC52),6)) -> 100 | F52: =IF(main!R55="","",ROUND(main!R55*100,6)) | G52: =IF(main!S55="","",ROUND(main!S55*100,6)) | H52: =IF(main!T55="","",ROUND(main!T55*100,6)) | I52: =IF(main!U55="","",ROUND(main!U55*100,6)) | J52: =IF(main!V55="","",ROUND(main!V55*100,6)) | K52: =IF(main!W55="","",ROUND(main!W55*100,6)) | L52: =IF(main!X55="","",ROUND(main!X55*100,6)) | M52: =IF(main!Y55="","",ROUND(main!Y55*100,6)) | ... CC52: =IF(main!CO55="","",ROUND(main!CO55*100,6))
A53: 2.3.1 | B53: =main!C55 -> Foundation | C53: =main!O55 -> 100000 | D53: A | E53: =IF(COUNT(F53:CC53)=0,"",ROUND(SUM(F53:CC53),6)) | F53: =IF(main!R56="","",ROUND(main!R56*100,6)) | G53: =IF(main!S56="","",ROUND(main!S56*100,6)) | H53: =IF(main!T56="","",ROUND(main!T56*100,6)) | I53: =IF(main!U56="","",ROUND(main!U56*100,6)) | J53: =IF(main!V56="","",ROUND(main!V56*100,6)) | K53: =IF(main!W56="","",ROUND(main!W56*100,6)) | L53: =IF(main!X56="","",ROUND(main!X56*100,6)) | M53: =IF(main!Y56="","",ROUND(main!Y56*100,6)) | ... CC53: =IF(main!CO56="","",ROUND(main!CO56*100,6))
A54: 2.3.2 | B54: =main!C57 -> RC Beam & Slab for GL.Floor | C54: =main!O57 -> 100000 | D54: P | E54: =IF(COUNT(F54:CC54)=0,"",ROUND(SUM(F54:CC54),6)) -> 100 | F54: =IF(main!R57="","",ROUND(main!R57*100,6)) | G54: =IF(main!S57="","",ROUND(main!S57*100,6)) | H54: =IF(main!T57="","",ROUND(main!T57*100,6)) | I54: =IF(main!U57="","",ROUND(main!U57*100,6)) | J54: =IF(main!V57="","",ROUND(main!V57*100,6)) | K54: =IF(main!W57="","",ROUND(main!W57*100,6)) | L54: =IF(main!X57="","",ROUND(main!X57*100,6)) | M54: =IF(main!Y57="","",ROUND(main!Y57*100,6)) | ... CC54: =IF(main!CO57="","",ROUND(main!CO57*100,6))
A55: 2.3.2 | B55: =main!C57 -> RC Beam & Slab for GL.Floor | C55: =main!O57 -> 100000 | D55: A | E55: =IF(COUNT(F55:CC55)=0,"",ROUND(SUM(F55:CC55),6)) | F55: =IF(main!R58="","",ROUND(main!R58*100,6)) | G55: =IF(main!S58="","",ROUND(main!S58*100,6)) | H55: =IF(main!T58="","",ROUND(main!T58*100,6)) | I55: =IF(main!U58="","",ROUND(main!U58*100,6)) | J55: =IF(main!V58="","",ROUND(main!V58*100,6)) | K55: =IF(main!W58="","",ROUND(main!W58*100,6)) | L55: =IF(main!X58="","",ROUND(main!X58*100,6)) | M55: =IF(main!Y58="","",ROUND(main!Y58*100,6)) | ... CC55: =IF(main!CO58="","",ROUND(main!CO58*100,6))
A56: 2.3.3 | B56: =main!C59 -> Steel Column & Beam M to R | C56: =main!O59 -> 100000 | D56: P | E56: =IF(COUNT(F56:CC56)=0,"",ROUND(SUM(F56:CC56),6)) -> 100 | F56: =IF(main!R59="","",ROUND(main!R59*100,6)) | G56: =IF(main!S59="","",ROUND(main!S59*100,6)) | H56: =IF(main!T59="","",ROUND(main!T59*100,6)) | I56: =IF(main!U59="","",ROUND(main!U59*100,6)) | J56: =IF(main!V59="","",ROUND(main!V59*100,6)) | K56: =IF(main!W59="","",ROUND(main!W59*100,6)) | L56: =IF(main!X59="","",ROUND(main!X59*100,6)) | M56: =IF(main!Y59="","",ROUND(main!Y59*100,6)) | ... CC56: =IF(main!CO59="","",ROUND(main!CO59*100,6))
A57: 2.3.3 | B57: =main!C59 -> Steel Column & Beam M to R | C57: =main!O59 -> 100000 | D57: A | E57: =IF(COUNT(F57:CC57)=0,"",ROUND(SUM(F57:CC57),6)) | F57: =IF(main!R60="","",ROUND(main!R60*100,6)) | G57: =IF(main!S60="","",ROUND(main!S60*100,6)) | H57: =IF(main!T60="","",ROUND(main!T60*100,6)) | I57: =IF(main!U60="","",ROUND(main!U60*100,6)) | J57: =IF(main!V60="","",ROUND(main!V60*100,6)) | K57: =IF(main!W60="","",ROUND(main!W60*100,6)) | L57: =IF(main!X60="","",ROUND(main!X60*100,6)) | M57: =IF(main!Y60="","",ROUND(main!Y60*100,6)) | ... CC57: =IF(main!CO60="","",ROUND(main!CO60*100,6))
A58: 2.3.4 | B58: =main!C61 -> RC Slab M to R | C58: =main!O61 -> 100000 | D58: P | E58: =IF(COUNT(F58:CC58)=0,"",ROUND(SUM(F58:CC58),6)) -> 100 | F58: =IF(main!R61="","",ROUND(main!R61*100,6)) | G58: =IF(main!S61="","",ROUND(main!S61*100,6)) | H58: =IF(main!T61="","",ROUND(main!T61*100,6)) | I58: =IF(main!U61="","",ROUND(main!U61*100,6)) | J58: =IF(main!V61="","",ROUND(main!V61*100,6)) | K58: =IF(main!W61="","",ROUND(main!W61*100,6)) | L58: =IF(main!X61="","",ROUND(main!X61*100,6)) | M58: =IF(main!Y61="","",ROUND(main!Y61*100,6)) | ... CC58: =IF(main!CO61="","",ROUND(main!CO61*100,6))
A59: 2.3.4 | B59: =main!C61 -> RC Slab M to R | C59: =main!O61 -> 100000 | D59: A | E59: =IF(COUNT(F59:CC59)=0,"",ROUND(SUM(F59:CC59),6)) | F59: =IF(main!R62="","",ROUND(main!R62*100,6)) | G59: =IF(main!S62="","",ROUND(main!S62*100,6)) | H59: =IF(main!T62="","",ROUND(main!T62*100,6)) | I59: =IF(main!U62="","",ROUND(main!U62*100,6)) | J59: =IF(main!V62="","",ROUND(main!V62*100,6)) | K59: =IF(main!W62="","",ROUND(main!W62*100,6)) | L59: =IF(main!X62="","",ROUND(main!X62*100,6)) | M59: =IF(main!Y62="","",ROUND(main!Y62*100,6)) | ... CC59: =IF(main!CO62="","",ROUND(main!CO62*100,6))
A60: 2.4 | B60: =main!C63 -> Roof Str. | C60: =main!O63 -> 400000 | D60: P | E60: =IF(COUNT(F60:CC60)=0,"",ROUND(SUM(F60:CC60),6)) -> 99.999997 | F60: =IF(main!R63="","",ROUND(main!R63*100,6)) | G60: =IF(main!S63="","",ROUND(main!S63*100,6)) | H60: =IF(main!T63="","",ROUND(main!T63*100,6)) | I60: =IF(main!U63="","",ROUND(main!U63*100,6)) | J60: =IF(main!V63="","",ROUND(main!V63*100,6)) | K60: =IF(main!W63="","",ROUND(main!W63*100,6)) | L60: =IF(main!X63="","",ROUND(main!X63*100,6)) | M60: =IF(main!Y63="","",ROUND(main!Y63*100,6)) | ... CC60: =IF(main!CO63="","",ROUND(main!CO63*100,6))
A61: 2.4 | B61: =main!C63 -> Roof Str. | C61: =main!O63 -> 400000 | D61: A | E61: =IF(COUNT(F61:CC61)=0,"",ROUND(SUM(F61:CC61),6)) | F61: =IF(main!R64="","",ROUND(main!R64*100,6)) | G61: =IF(main!S64="","",ROUND(main!S64*100,6)) | H61: =IF(main!T64="","",ROUND(main!T64*100,6)) | I61: =IF(main!U64="","",ROUND(main!U64*100,6)) | J61: =IF(main!V64="","",ROUND(main!V64*100,6)) | K61: =IF(main!W64="","",ROUND(main!W64*100,6)) | L61: =IF(main!X64="","",ROUND(main!X64*100,6)) | M61: =IF(main!Y64="","",ROUND(main!Y64*100,6)) | ... CC61: =IF(main!CO64="","",ROUND(main!CO64*100,6))
A62: 2.4.1 | B62: =main!C65 -> Supports Installation | C62: =main!O65 -> 100000 | D62: P | E62: =IF(COUNT(F62:CC62)=0,"",ROUND(SUM(F62:CC62),6)) -> 100 | F62: =IF(main!R65="","",ROUND(main!R65*100,6)) | G62: =IF(main!S65="","",ROUND(main!S65*100,6)) | H62: =IF(main!T65="","",ROUND(main!T65*100,6)) | I62: =IF(main!U65="","",ROUND(main!U65*100,6)) | J62: =IF(main!V65="","",ROUND(main!V65*100,6)) | K62: =IF(main!W65="","",ROUND(main!W65*100,6)) | L62: =IF(main!X65="","",ROUND(main!X65*100,6)) | M62: =IF(main!Y65="","",ROUND(main!Y65*100,6)) | ... CC62: =IF(main!CO65="","",ROUND(main!CO65*100,6))
A63: 2.4.1 | B63: =main!C65 -> Supports Installation | C63: =main!O65 -> 100000 | D63: A | E63: =IF(COUNT(F63:CC63)=0,"",ROUND(SUM(F63:CC63),6)) | F63: =IF(main!R66="","",ROUND(main!R66*100,6)) | G63: =IF(main!S66="","",ROUND(main!S66*100,6)) | H63: =IF(main!T66="","",ROUND(main!T66*100,6)) | I63: =IF(main!U66="","",ROUND(main!U66*100,6)) | J63: =IF(main!V66="","",ROUND(main!V66*100,6)) | K63: =IF(main!W66="","",ROUND(main!W66*100,6)) | L63: =IF(main!X66="","",ROUND(main!X66*100,6)) | M63: =IF(main!Y66="","",ROUND(main!Y66*100,6)) | ... CC63: =IF(main!CO66="","",ROUND(main!CO66*100,6))
A64: 2.4.2 | B64: =main!C67 -> Rafter Truss | C64: =main!O67 -> 100000 | D64: P | E64: =IF(COUNT(F64:CC64)=0,"",ROUND(SUM(F64:CC64),6)) -> 100 | F64: =IF(main!R67="","",ROUND(main!R67*100,6)) | G64: =IF(main!S67="","",ROUND(main!S67*100,6)) | H64: =IF(main!T67="","",ROUND(main!T67*100,6)) | I64: =IF(main!U67="","",ROUND(main!U67*100,6)) | J64: =IF(main!V67="","",ROUND(main!V67*100,6)) | K64: =IF(main!W67="","",ROUND(main!W67*100,6)) | L64: =IF(main!X67="","",ROUND(main!X67*100,6)) | M64: =IF(main!Y67="","",ROUND(main!Y67*100,6)) | ... CC64: =IF(main!CO67="","",ROUND(main!CO67*100,6))
A65: 2.4.2 | B65: =main!C67 -> Rafter Truss | C65: =main!O67 -> 100000 | D65: A | E65: =IF(COUNT(F65:CC65)=0,"",ROUND(SUM(F65:CC65),6)) | F65: =IF(main!R68="","",ROUND(main!R68*100,6)) | G65: =IF(main!S68="","",ROUND(main!S68*100,6)) | H65: =IF(main!T68="","",ROUND(main!T68*100,6)) | I65: =IF(main!U68="","",ROUND(main!U68*100,6)) | J65: =IF(main!V68="","",ROUND(main!V68*100,6)) | K65: =IF(main!W68="","",ROUND(main!W68*100,6)) | L65: =IF(main!X68="","",ROUND(main!X68*100,6)) | M65: =IF(main!Y68="","",ROUND(main!Y68*100,6)) | ... CC65: =IF(main!CO68="","",ROUND(main!CO68*100,6))
A66: 2.4.3 | B66: =main!C69 -> Purin | C66: =main!O69 -> 100000 | D66: P | E66: =IF(COUNT(F66:CC66)=0,"",ROUND(SUM(F66:CC66),6)) -> 100 | F66: =IF(main!R69="","",ROUND(main!R69*100,6)) | G66: =IF(main!S69="","",ROUND(main!S69*100,6)) | H66: =IF(main!T69="","",ROUND(main!T69*100,6)) | I66: =IF(main!U69="","",ROUND(main!U69*100,6)) | J66: =IF(main!V69="","",ROUND(main!V69*100,6)) | K66: =IF(main!W69="","",ROUND(main!W69*100,6)) | L66: =IF(main!X69="","",ROUND(main!X69*100,6)) | M66: =IF(main!Y69="","",ROUND(main!Y69*100,6)) | ... CC66: =IF(main!CO69="","",ROUND(main!CO69*100,6))
A67: 2.4.3 | B67: =main!C69 -> Purin | C67: =main!O69 -> 100000 | D67: A | E67: =IF(COUNT(F67:CC67)=0,"",ROUND(SUM(F67:CC67),6)) | F67: =IF(main!R70="","",ROUND(main!R70*100,6)) | G67: =IF(main!S70="","",ROUND(main!S70*100,6)) | H67: =IF(main!T70="","",ROUND(main!T70*100,6)) | I67: =IF(main!U70="","",ROUND(main!U70*100,6)) | J67: =IF(main!V70="","",ROUND(main!V70*100,6)) | K67: =IF(main!W70="","",ROUND(main!W70*100,6)) | L67: =IF(main!X70="","",ROUND(main!X70*100,6)) | M67: =IF(main!Y70="","",ROUND(main!Y70*100,6)) | ... CC67: =IF(main!CO70="","",ROUND(main!CO70*100,6))
A68: 2.4.4 | B68: =main!C71 -> Paint | C68: =main!O71 -> 100000 | D68: P | E68: =IF(COUNT(F68:CC68)=0,"",ROUND(SUM(F68:CC68),6)) -> 100 | F68: =IF(main!R71="","",ROUND(main!R71*100,6)) | G68: =IF(main!S71="","",ROUND(main!S71*100,6)) | H68: =IF(main!T71="","",ROUND(main!T71*100,6)) | I68: =IF(main!U71="","",ROUND(main!U71*100,6)) | J68: =IF(main!V71="","",ROUND(main!V71*100,6)) | K68: =IF(main!W71="","",ROUND(main!W71*100,6)) | L68: =IF(main!X71="","",ROUND(main!X71*100,6)) | M68: =IF(main!Y71="","",ROUND(main!Y71*100,6)) | ... CC68: =IF(main!CO71="","",ROUND(main!CO71*100,6))
A69: 2.4.4 | B69: =main!C71 -> Paint | C69: =main!O71 -> 100000 | D69: A | E69: =IF(COUNT(F69:CC69)=0,"",ROUND(SUM(F69:CC69),6)) | F69: =IF(main!R72="","",ROUND(main!R72*100,6)) | G69: =IF(main!S72="","",ROUND(main!S72*100,6)) | H69: =IF(main!T72="","",ROUND(main!T72*100,6)) | I69: =IF(main!U72="","",ROUND(main!U72*100,6)) | J69: =IF(main!V72="","",ROUND(main!V72*100,6)) | K69: =IF(main!W72="","",ROUND(main!W72*100,6)) | L69: =IF(main!X72="","",ROUND(main!X72*100,6)) | M69: =IF(main!Y72="","",ROUND(main!Y72*100,6)) | ... CC69: =IF(main!CO72="","",ROUND(main!CO72*100,6))
A70: 2.5 | B70: =main!C73 -> ห้องศาสนา | C70: =main!O73 -> 300000 | D70: P | E70: =IF(COUNT(F70:CC70)=0,"",ROUND(SUM(F70:CC70),6)) -> 100 | F70: =IF(main!R73="","",ROUND(main!R73*100,6)) | G70: =IF(main!S73="","",ROUND(main!S73*100,6)) | H70: =IF(main!T73="","",ROUND(main!T73*100,6)) | I70: =IF(main!U73="","",ROUND(main!U73*100,6)) | J70: =IF(main!V73="","",ROUND(main!V73*100,6)) | K70: =IF(main!W73="","",ROUND(main!W73*100,6)) | L70: =IF(main!X73="","",ROUND(main!X73*100,6)) | M70: =IF(main!Y73="","",ROUND(main!Y73*100,6)) | ... CC70: =IF(main!CO73="","",ROUND(main!CO73*100,6))
A71: 2.5 | B71: =main!C73 -> ห้องศาสนา | C71: =main!O73 -> 300000 | D71: A | E71: =IF(COUNT(F71:CC71)=0,"",ROUND(SUM(F71:CC71),6)) | F71: =IF(main!R74="","",ROUND(main!R74*100,6)) | G71: =IF(main!S74="","",ROUND(main!S74*100,6)) | H71: =IF(main!T74="","",ROUND(main!T74*100,6)) | I71: =IF(main!U74="","",ROUND(main!U74*100,6)) | J71: =IF(main!V74="","",ROUND(main!V74*100,6)) | K71: =IF(main!W74="","",ROUND(main!W74*100,6)) | L71: =IF(main!X74="","",ROUND(main!X74*100,6)) | M71: =IF(main!Y74="","",ROUND(main!Y74*100,6)) | ... CC71: =IF(main!CO74="","",ROUND(main!CO74*100,6))
A72: 2.5.1 | B72: =main!C75 -> Supports Installation | C72: =main!O75 -> 100000 | D72: P | E72: =IF(COUNT(F72:CC72)=0,"",ROUND(SUM(F72:CC72),6)) -> 100 | F72: =IF(main!R75="","",ROUND(main!R75*100,6)) | G72: =IF(main!S75="","",ROUND(main!S75*100,6)) | H72: =IF(main!T75="","",ROUND(main!T75*100,6)) | I72: =IF(main!U75="","",ROUND(main!U75*100,6)) | J72: =IF(main!V75="","",ROUND(main!V75*100,6)) | K72: =IF(main!W75="","",ROUND(main!W75*100,6)) | L72: =IF(main!X75="","",ROUND(main!X75*100,6)) | M72: =IF(main!Y75="","",ROUND(main!Y75*100,6)) | ... CC72: =IF(main!CO75="","",ROUND(main!CO75*100,6))
A73: 2.5.1 | B73: =main!C75 -> Supports Installation | C73: =main!O75 -> 100000 | D73: A | E73: =IF(COUNT(F73:CC73)=0,"",ROUND(SUM(F73:CC73),6)) | F73: =IF(main!R76="","",ROUND(main!R76*100,6)) | G73: =IF(main!S76="","",ROUND(main!S76*100,6)) | H73: =IF(main!T76="","",ROUND(main!T76*100,6)) | I73: =IF(main!U76="","",ROUND(main!U76*100,6)) | J73: =IF(main!V76="","",ROUND(main!V76*100,6)) | K73: =IF(main!W76="","",ROUND(main!W76*100,6)) | L73: =IF(main!X76="","",ROUND(main!X76*100,6)) | M73: =IF(main!Y76="","",ROUND(main!Y76*100,6)) | ... CC73: =IF(main!CO76="","",ROUND(main!CO76*100,6))
A74: 2.5.2 | B74: =main!C77 -> Steel Columns | C74: =main!O77 -> 100000 | D74: P | E74: =IF(COUNT(F74:CC74)=0,"",ROUND(SUM(F74:CC74),6)) -> 100 | F74: =IF(main!R77="","",ROUND(main!R77*100,6)) | G74: =IF(main!S77="","",ROUND(main!S77*100,6)) | H74: =IF(main!T77="","",ROUND(main!T77*100,6)) | I74: =IF(main!U77="","",ROUND(main!U77*100,6)) | J74: =IF(main!V77="","",ROUND(main!V77*100,6)) | K74: =IF(main!W77="","",ROUND(main!W77*100,6)) | L74: =IF(main!X77="","",ROUND(main!X77*100,6)) | M74: =IF(main!Y77="","",ROUND(main!Y77*100,6)) | ... CC74: =IF(main!CO77="","",ROUND(main!CO77*100,6))
A75: 2.5.2 | B75: =main!C77 -> Steel Columns | C75: =main!O77 -> 100000 | D75: A | E75: =IF(COUNT(F75:CC75)=0,"",ROUND(SUM(F75:CC75),6)) | F75: =IF(main!R78="","",ROUND(main!R78*100,6)) | G75: =IF(main!S78="","",ROUND(main!S78*100,6)) | H75: =IF(main!T78="","",ROUND(main!T78*100,6)) | I75: =IF(main!U78="","",ROUND(main!U78*100,6)) | J75: =IF(main!V78="","",ROUND(main!V78*100,6)) | K75: =IF(main!W78="","",ROUND(main!W78*100,6)) | L75: =IF(main!X78="","",ROUND(main!X78*100,6)) | M75: =IF(main!Y78="","",ROUND(main!Y78*100,6)) | ... CC75: =IF(main!CO78="","",ROUND(main!CO78*100,6))
A76: 2.5.3 | B76: =main!C79 -> Steel Roof Frame | C76: =main!O79 -> 100000 | D76: P | E76: =IF(COUNT(F76:CC76)=0,"",ROUND(SUM(F76:CC76),6)) -> 100 | F76: =IF(main!R79="","",ROUND(main!R79*100,6)) | G76: =IF(main!S79="","",ROUND(main!S79*100,6)) | H76: =IF(main!T79="","",ROUND(main!T79*100,6)) | I76: =IF(main!U79="","",ROUND(main!U79*100,6)) | J76: =IF(main!V79="","",ROUND(main!V79*100,6)) | K76: =IF(main!W79="","",ROUND(main!W79*100,6)) | L76: =IF(main!X79="","",ROUND(main!X79*100,6)) | M76: =IF(main!Y79="","",ROUND(main!Y79*100,6)) | ... CC76: =IF(main!CO79="","",ROUND(main!CO79*100,6))
A77: 2.5.3 | B77: =main!C79 -> Steel Roof Frame | C77: =main!O79 -> 100000 | D77: A | E77: =IF(COUNT(F77:CC77)=0,"",ROUND(SUM(F77:CC77),6)) | F77: =IF(main!R80="","",ROUND(main!R80*100,6)) | G77: =IF(main!S80="","",ROUND(main!S80*100,6)) | H77: =IF(main!T80="","",ROUND(main!T80*100,6)) | I77: =IF(main!U80="","",ROUND(main!U80*100,6)) | J77: =IF(main!V80="","",ROUND(main!V80*100,6)) | K77: =IF(main!W80="","",ROUND(main!W80*100,6)) | L77: =IF(main!X80="","",ROUND(main!X80*100,6)) | M77: =IF(main!Y80="","",ROUND(main!Y80*100,6)) | ... CC77: =IF(main!CO80="","",ROUND(main!CO80*100,6))
A78: 2.6 | B78: =main!C81 -> ห้องสนามหลวง | C78: =main!O81 -> 300000 | D78: P | E78: =IF(COUNT(F78:CC78)=0,"",ROUND(SUM(F78:CC78),6)) -> 100 | F78: =IF(main!R81="","",ROUND(main!R81*100,6)) | G78: =IF(main!S81="","",ROUND(main!S81*100,6)) | H78: =IF(main!T81="","",ROUND(main!T81*100,6)) | I78: =IF(main!U81="","",ROUND(main!U81*100,6)) | J78: =IF(main!V81="","",ROUND(main!V81*100,6)) | K78: =IF(main!W81="","",ROUND(main!W81*100,6)) | L78: =IF(main!X81="","",ROUND(main!X81*100,6)) | M78: =IF(main!Y81="","",ROUND(main!Y81*100,6)) | ... CC78: =IF(main!CO81="","",ROUND(main!CO81*100,6))
A79: 2.6 | B79: =main!C81 -> ห้องสนามหลวง | C79: =main!O81 -> 300000 | D79: A | E79: =IF(COUNT(F79:CC79)=0,"",ROUND(SUM(F79:CC79),6)) | F79: =IF(main!R82="","",ROUND(main!R82*100,6)) | G79: =IF(main!S82="","",ROUND(main!S82*100,6)) | H79: =IF(main!T82="","",ROUND(main!T82*100,6)) | I79: =IF(main!U82="","",ROUND(main!U82*100,6)) | J79: =IF(main!V82="","",ROUND(main!V82*100,6)) | K79: =IF(main!W82="","",ROUND(main!W82*100,6)) | L79: =IF(main!X82="","",ROUND(main!X82*100,6)) | M79: =IF(main!Y82="","",ROUND(main!Y82*100,6)) | ... CC79: =IF(main!CO82="","",ROUND(main!CO82*100,6))
A80: 2.6.1 | B80: =main!C83 -> Supports Installation | C80: =main!O83 -> 100000 | D80: P | E80: =IF(COUNT(F80:CC80)=0,"",ROUND(SUM(F80:CC80),6)) -> 100 | F80: =IF(main!R83="","",ROUND(main!R83*100,6)) | G80: =IF(main!S83="","",ROUND(main!S83*100,6)) | H80: =IF(main!T83="","",ROUND(main!T83*100,6)) | I80: =IF(main!U83="","",ROUND(main!U83*100,6)) | J80: =IF(main!V83="","",ROUND(main!V83*100,6)) | K80: =IF(main!W83="","",ROUND(main!W83*100,6)) | L80: =IF(main!X83="","",ROUND(main!X83*100,6)) | M80: =IF(main!Y83="","",ROUND(main!Y83*100,6)) | ... CC80: =IF(main!CO83="","",ROUND(main!CO83*100,6))
A81: 2.6.1 | B81: =main!C83 -> Supports Installation | C81: =main!O83 -> 100000 | D81: A | E81: =IF(COUNT(F81:CC81)=0,"",ROUND(SUM(F81:CC81),6)) | F81: =IF(main!R84="","",ROUND(main!R84*100,6)) | G81: =IF(main!S84="","",ROUND(main!S84*100,6)) | H81: =IF(main!T84="","",ROUND(main!T84*100,6)) | I81: =IF(main!U84="","",ROUND(main!U84*100,6)) | J81: =IF(main!V84="","",ROUND(main!V84*100,6)) | K81: =IF(main!W84="","",ROUND(main!W84*100,6)) | L81: =IF(main!X84="","",ROUND(main!X84*100,6)) | M81: =IF(main!Y84="","",ROUND(main!Y84*100,6)) | ... CC81: =IF(main!CO84="","",ROUND(main!CO84*100,6))
A82: 2.6.2 | B82: =main!C85 -> Steel Columns | C82: =main!O85 -> 100000 | D82: P | E82: =IF(COUNT(F82:CC82)=0,"",ROUND(SUM(F82:CC82),6)) -> 100 | F82: =IF(main!R85="","",ROUND(main!R85*100,6)) | G82: =IF(main!S85="","",ROUND(main!S85*100,6)) | H82: =IF(main!T85="","",ROUND(main!T85*100,6)) | I82: =IF(main!U85="","",ROUND(main!U85*100,6)) | J82: =IF(main!V85="","",ROUND(main!V85*100,6)) | K82: =IF(main!W85="","",ROUND(main!W85*100,6)) | L82: =IF(main!X85="","",ROUND(main!X85*100,6)) | M82: =IF(main!Y85="","",ROUND(main!Y85*100,6)) | ... CC82: =IF(main!CO85="","",ROUND(main!CO85*100,6))
A83: 2.6.2 | B83: =main!C85 -> Steel Columns | C83: =main!O85 -> 100000 | D83: A | E83: =IF(COUNT(F83:CC83)=0,"",ROUND(SUM(F83:CC83),6)) | F83: =IF(main!R86="","",ROUND(main!R86*100,6)) | G83: =IF(main!S86="","",ROUND(main!S86*100,6)) | H83: =IF(main!T86="","",ROUND(main!T86*100,6)) | I83: =IF(main!U86="","",ROUND(main!U86*100,6)) | J83: =IF(main!V86="","",ROUND(main!V86*100,6)) | K83: =IF(main!W86="","",ROUND(main!W86*100,6)) | L83: =IF(main!X86="","",ROUND(main!X86*100,6)) | M83: =IF(main!Y86="","",ROUND(main!Y86*100,6)) | ... CC83: =IF(main!CO86="","",ROUND(main!CO86*100,6))
A84: 2.6.3 | B84: =main!C87 -> Steel Roof Frame | C84: =main!O87 -> 100000 | D84: P | E84: =IF(COUNT(F84:CC84)=0,"",ROUND(SUM(F84:CC84),6)) -> 100 | F84: =IF(main!R87="","",ROUND(main!R87*100,6)) | G84: =IF(main!S87="","",ROUND(main!S87*100,6)) | H84: =IF(main!T87="","",ROUND(main!T87*100,6)) | I84: =IF(main!U87="","",ROUND(main!U87*100,6)) | J84: =IF(main!V87="","",ROUND(main!V87*100,6)) | K84: =IF(main!W87="","",ROUND(main!W87*100,6)) | L84: =IF(main!X87="","",ROUND(main!X87*100,6)) | M84: =IF(main!Y87="","",ROUND(main!Y87*100,6)) | ... CC84: =IF(main!CO87="","",ROUND(main!CO87*100,6))
A85: 2.6.3 | B85: =main!C87 -> Steel Roof Frame | C85: =main!O87 -> 100000 | D85: A | E85: =IF(COUNT(F85:CC85)=0,"",ROUND(SUM(F85:CC85),6)) | F85: =IF(main!R88="","",ROUND(main!R88*100,6)) | G85: =IF(main!S88="","",ROUND(main!S88*100,6)) | H85: =IF(main!T88="","",ROUND(main!T88*100,6)) | I85: =IF(main!U88="","",ROUND(main!U88*100,6)) | J85: =IF(main!V88="","",ROUND(main!V88*100,6)) | K85: =IF(main!W88="","",ROUND(main!W88*100,6)) | L85: =IF(main!X88="","",ROUND(main!X88*100,6)) | M85: =IF(main!Y88="","",ROUND(main!Y88*100,6)) | ... CC85: =IF(main!CO88="","",ROUND(main!CO88*100,6))
A86: 2.7 | B86: =main!C89 -> ส่วนต่อขยายชั้น 2 | C86: =main!O89 -> 300000 | D86: P | E86: =IF(COUNT(F86:CC86)=0,"",ROUND(SUM(F86:CC86),6)) -> 100 | F86: =IF(main!R89="","",ROUND(main!R89*100,6)) | G86: =IF(main!S89="","",ROUND(main!S89*100,6)) | H86: =IF(main!T89="","",ROUND(main!T89*100,6)) | I86: =IF(main!U89="","",ROUND(main!U89*100,6)) | J86: =IF(main!V89="","",ROUND(main!V89*100,6)) | K86: =IF(main!W89="","",ROUND(main!W89*100,6)) | L86: =IF(main!X89="","",ROUND(main!X89*100,6)) | M86: =IF(main!Y89="","",ROUND(main!Y89*100,6)) | ... CC86: =IF(main!CO89="","",ROUND(main!CO89*100,6))
A87: 2.7 | B87: =main!C89 -> ส่วนต่อขยายชั้น 2 | C87: =main!O89 -> 300000 | D87: A | E87: =IF(COUNT(F87:CC87)=0,"",ROUND(SUM(F87:CC87),6)) | F87: =IF(main!R90="","",ROUND(main!R90*100,6)) | G87: =IF(main!S90="","",ROUND(main!S90*100,6)) | H87: =IF(main!T90="","",ROUND(main!T90*100,6)) | I87: =IF(main!U90="","",ROUND(main!U90*100,6)) | J87: =IF(main!V90="","",ROUND(main!V90*100,6)) | K87: =IF(main!W90="","",ROUND(main!W90*100,6)) | L87: =IF(main!X90="","",ROUND(main!X90*100,6)) | M87: =IF(main!Y90="","",ROUND(main!Y90*100,6)) | ... CC87: =IF(main!CO90="","",ROUND(main!CO90*100,6))
A88: 2.7.1 | B88: =main!C91 -> Supports Installation | C88: =main!O91 -> 100000 | D88: P | E88: =IF(COUNT(F88:CC88)=0,"",ROUND(SUM(F88:CC88),6)) -> 100 | F88: =IF(main!R91="","",ROUND(main!R91*100,6)) | G88: =IF(main!S91="","",ROUND(main!S91*100,6)) | H88: =IF(main!T91="","",ROUND(main!T91*100,6)) | I88: =IF(main!U91="","",ROUND(main!U91*100,6)) | J88: =IF(main!V91="","",ROUND(main!V91*100,6)) | K88: =IF(main!W91="","",ROUND(main!W91*100,6)) | L88: =IF(main!X91="","",ROUND(main!X91*100,6)) | M88: =IF(main!Y91="","",ROUND(main!Y91*100,6)) | ... CC88: =IF(main!CO91="","",ROUND(main!CO91*100,6))
A89: 2.7.1 | B89: =main!C91 -> Supports Installation | C89: =main!O91 -> 100000 | D89: A | E89: =IF(COUNT(F89:CC89)=0,"",ROUND(SUM(F89:CC89),6)) | F89: =IF(main!R92="","",ROUND(main!R92*100,6)) | G89: =IF(main!S92="","",ROUND(main!S92*100,6)) | H89: =IF(main!T92="","",ROUND(main!T92*100,6)) | I89: =IF(main!U92="","",ROUND(main!U92*100,6)) | J89: =IF(main!V92="","",ROUND(main!V92*100,6)) | K89: =IF(main!W92="","",ROUND(main!W92*100,6)) | L89: =IF(main!X92="","",ROUND(main!X92*100,6)) | M89: =IF(main!Y92="","",ROUND(main!Y92*100,6)) | ... CC89: =IF(main!CO92="","",ROUND(main!CO92*100,6))
A90: 2.7.2 | B90: =main!C93 -> Built-up Frame&Slab | C90: =main!O93 -> 100000 | D90: P | E90: =IF(COUNT(F90:CC90)=0,"",ROUND(SUM(F90:CC90),6)) -> 100 | F90: =IF(main!R93="","",ROUND(main!R93*100,6)) | G90: =IF(main!S93="","",ROUND(main!S93*100,6)) | H90: =IF(main!T93="","",ROUND(main!T93*100,6)) | I90: =IF(main!U93="","",ROUND(main!U93*100,6)) | J90: =IF(main!V93="","",ROUND(main!V93*100,6)) | K90: =IF(main!W93="","",ROUND(main!W93*100,6)) | L90: =IF(main!X93="","",ROUND(main!X93*100,6)) | M90: =IF(main!Y93="","",ROUND(main!Y93*100,6)) | ... CC90: =IF(main!CO93="","",ROUND(main!CO93*100,6))
A91: 2.7.2 | B91: =main!C93 -> Built-up Frame&Slab | C91: =main!O93 -> 100000 | D91: A | E91: =IF(COUNT(F91:CC91)=0,"",ROUND(SUM(F91:CC91),6)) | F91: =IF(main!R94="","",ROUND(main!R94*100,6)) | G91: =IF(main!S94="","",ROUND(main!S94*100,6)) | H91: =IF(main!T94="","",ROUND(main!T94*100,6)) | I91: =IF(main!U94="","",ROUND(main!U94*100,6)) | J91: =IF(main!V94="","",ROUND(main!V94*100,6)) | K91: =IF(main!W94="","",ROUND(main!W94*100,6)) | L91: =IF(main!X94="","",ROUND(main!X94*100,6)) | M91: =IF(main!Y94="","",ROUND(main!Y94*100,6)) | ... CC91: =IF(main!CO94="","",ROUND(main!CO94*100,6))
A92: 2.7.3 | B92: =main!C95 -> Concrete Top | C92: =main!O95 -> 100000 | D92: P | E92: =IF(COUNT(F92:CC92)=0,"",ROUND(SUM(F92:CC92),6)) -> 100 | F92: =IF(main!R95="","",ROUND(main!R95*100,6)) | G92: =IF(main!S95="","",ROUND(main!S95*100,6)) | H92: =IF(main!T95="","",ROUND(main!T95*100,6)) | I92: =IF(main!U95="","",ROUND(main!U95*100,6)) | J92: =IF(main!V95="","",ROUND(main!V95*100,6)) | K92: =IF(main!W95="","",ROUND(main!W95*100,6)) | L92: =IF(main!X95="","",ROUND(main!X95*100,6)) | M92: =IF(main!Y95="","",ROUND(main!Y95*100,6)) | ... CC92: =IF(main!CO95="","",ROUND(main!CO95*100,6))
A93: 2.7.3 | B93: =main!C95 -> Concrete Top | C93: =main!O95 -> 100000 | D93: A | E93: =IF(COUNT(F93:CC93)=0,"",ROUND(SUM(F93:CC93),6)) | F93: =IF(main!R96="","",ROUND(main!R96*100,6)) | G93: =IF(main!S96="","",ROUND(main!S96*100,6)) | H93: =IF(main!T96="","",ROUND(main!T96*100,6)) | I93: =IF(main!U96="","",ROUND(main!U96*100,6)) | J93: =IF(main!V96="","",ROUND(main!V96*100,6)) | K93: =IF(main!W96="","",ROUND(main!W96*100,6)) | L93: =IF(main!X96="","",ROUND(main!X96*100,6)) | M93: =IF(main!Y96="","",ROUND(main!Y96*100,6)) | ... CC93: =IF(main!CO96="","",ROUND(main!CO96*100,6))
A94: 2.8 | B94: =main!C97 -> Mezzanine | C94: =main!O97 -> 400000 | D94: P | E94: =IF(COUNT(F94:CC94)=0,"",ROUND(SUM(F94:CC94),6)) -> 99.999998 | F94: =IF(main!R97="","",ROUND(main!R97*100,6)) | G94: =IF(main!S97="","",ROUND(main!S97*100,6)) | H94: =IF(main!T97="","",ROUND(main!T97*100,6)) | I94: =IF(main!U97="","",ROUND(main!U97*100,6)) | J94: =IF(main!V97="","",ROUND(main!V97*100,6)) | K94: =IF(main!W97="","",ROUND(main!W97*100,6)) | L94: =IF(main!X97="","",ROUND(main!X97*100,6)) | M94: =IF(main!Y97="","",ROUND(main!Y97*100,6)) | ... CC94: =IF(main!CO97="","",ROUND(main!CO97*100,6))
A95: 2.8 | B95: =main!C97 -> Mezzanine | C95: =main!O97 -> 400000 | D95: A | E95: =IF(COUNT(F95:CC95)=0,"",ROUND(SUM(F95:CC95),6)) | F95: =IF(main!R98="","",ROUND(main!R98*100,6)) | G95: =IF(main!S98="","",ROUND(main!S98*100,6)) | H95: =IF(main!T98="","",ROUND(main!T98*100,6)) | I95: =IF(main!U98="","",ROUND(main!U98*100,6)) | J95: =IF(main!V98="","",ROUND(main!V98*100,6)) | K95: =IF(main!W98="","",ROUND(main!W98*100,6)) | L95: =IF(main!X98="","",ROUND(main!X98*100,6)) | M95: =IF(main!Y98="","",ROUND(main!Y98*100,6)) | ... CC95: =IF(main!CO98="","",ROUND(main!CO98*100,6))
A96: 2.8.1 | B96: =main!C99 -> Supports Installation | C96: =main!O99 -> 100000 | D96: P | E96: =IF(COUNT(F96:CC96)=0,"",ROUND(SUM(F96:CC96),6)) -> 100 | F96: =IF(main!R99="","",ROUND(main!R99*100,6)) | G96: =IF(main!S99="","",ROUND(main!S99*100,6)) | H96: =IF(main!T99="","",ROUND(main!T99*100,6)) | I96: =IF(main!U99="","",ROUND(main!U99*100,6)) | J96: =IF(main!V99="","",ROUND(main!V99*100,6)) | K96: =IF(main!W99="","",ROUND(main!W99*100,6)) | L96: =IF(main!X99="","",ROUND(main!X99*100,6)) | M96: =IF(main!Y99="","",ROUND(main!Y99*100,6)) | ... CC96: =IF(main!CO99="","",ROUND(main!CO99*100,6))
A97: 2.8.1 | B97: =main!C99 -> Supports Installation | C97: =main!O99 -> 100000 | D97: A | E97: =IF(COUNT(F97:CC97)=0,"",ROUND(SUM(F97:CC97),6)) | F97: =IF(main!R100="","",ROUND(main!R100*100,6)) | G97: =IF(main!S100="","",ROUND(main!S100*100,6)) | H97: =IF(main!T100="","",ROUND(main!T100*100,6)) | I97: =IF(main!U100="","",ROUND(main!U100*100,6)) | J97: =IF(main!V100="","",ROUND(main!V100*100,6)) | K97: =IF(main!W100="","",ROUND(main!W100*100,6)) | L97: =IF(main!X100="","",ROUND(main!X100*100,6)) | M97: =IF(main!Y100="","",ROUND(main!Y100*100,6)) | ... CC97: =IF(main!CO100="","",ROUND(main!CO100*100,6))
A98: 2.8.2 | B98: =main!C101 -> Columns | C98: =main!O101 -> 100000 | D98: P | E98: =IF(COUNT(F98:CC98)=0,"",ROUND(SUM(F98:CC98),6)) -> 100 | F98: =IF(main!R101="","",ROUND(main!R101*100,6)) | G98: =IF(main!S101="","",ROUND(main!S101*100,6)) | H98: =IF(main!T101="","",ROUND(main!T101*100,6)) | I98: =IF(main!U101="","",ROUND(main!U101*100,6)) | J98: =IF(main!V101="","",ROUND(main!V101*100,6)) | K98: =IF(main!W101="","",ROUND(main!W101*100,6)) | L98: =IF(main!X101="","",ROUND(main!X101*100,6)) | M98: =IF(main!Y101="","",ROUND(main!Y101*100,6)) | ... CC98: =IF(main!CO101="","",ROUND(main!CO101*100,6))
A99: 2.8.2 | B99: =main!C101 -> Columns | C99: =main!O101 -> 100000 | D99: A | E99: =IF(COUNT(F99:CC99)=0,"",ROUND(SUM(F99:CC99),6)) | F99: =IF(main!R102="","",ROUND(main!R102*100,6)) | G99: =IF(main!S102="","",ROUND(main!S102*100,6)) | H99: =IF(main!T102="","",ROUND(main!T102*100,6)) | I99: =IF(main!U102="","",ROUND(main!U102*100,6)) | J99: =IF(main!V102="","",ROUND(main!V102*100,6)) | K99: =IF(main!W102="","",ROUND(main!W102*100,6)) | L99: =IF(main!X102="","",ROUND(main!X102*100,6)) | M99: =IF(main!Y102="","",ROUND(main!Y102*100,6)) | ... CC99: =IF(main!CO102="","",ROUND(main!CO102*100,6))
A100: 2.8.3 | B100: =main!C103 -> Built-up Frame&Slab | C100: =main!O103 -> 100000 | D100: P | E100: =IF(COUNT(F100:CC100)=0,"",ROUND(SUM(F100:CC100),6)) -> 100 | F100: =IF(main!R103="","",ROUND(main!R103*100,6)) | G100: =IF(main!S103="","",ROUND(main!S103*100,6)) | H100: =IF(main!T103="","",ROUND(main!T103*100,6)) | I100: =IF(main!U103="","",ROUND(main!U103*100,6)) | J100: =IF(main!V103="","",ROUND(main!V103*100,6)) | K100: =IF(main!W103="","",ROUND(main!W103*100,6)) | L100: =IF(main!X103="","",ROUND(main!X103*100,6)) | M100: =IF(main!Y103="","",ROUND(main!Y103*100,6)) | ... CC100: =IF(main!CO103="","",ROUND(main!CO103*100,6))
...
